Product,Region,Price,Description
Torani flavouring syrup,Waterford,59.73,Description of Torani flavouring syrup in Waterford
Stash black tea,Letterkenny,958.35,Description of Stash black tea in Letterkenny
Gold Irish seas moss,Sligo,353.93,Description of Gold Irish seas moss in Sligo
Stash black tea,Sligo,865.08,Description of Stash black tea in Sligo
Creed green Irish tweed men perfume spray,Kerry,246.99,Description of Creed green Irish tweed men perfume spray in Kerry
Creed green Irish tweed men perfume spray,Waterford,926.3,Description of Creed green Irish tweed men perfume spray in Waterford
Kerry gold Irish butter,Letterkenny,513.39,Description of Kerry gold Irish butter in Letterkenny
Gold Irish seas moss,Kerry,313.78,Description of Gold Irish seas moss in Kerry
Gold Irish seas moss,Donegal,487.93,Description of Gold Irish seas moss in Donegal
Kerry gold Irish butter,Sligo,514.42,Description of Kerry gold Irish butter in Sligo
Gold Irish seas moss,Dublin,38.48,Description of Gold Irish seas moss in Dublin
Creed green Irish tweed men perfume spray,Waterford,963.77,Description of Creed green Irish tweed men perfume spray in Waterford
Creed green Irish tweed men perfume spray,Cork,903.62,Description of Creed green Irish tweed men perfume spray in Cork
Gold Irish seas moss,Limerick,755.88,Description of Gold Irish seas moss in Limerick
Stash black tea,Sligo,833.22,Description of Stash black tea in Sligo
Creed green Irish tweed men perfume spray,Kerry,499.94,Description of Creed green Irish tweed men perfume spray in Kerry
Torani flavouring syrup,Wexford,600.69,Description of Torani flavouring syrup in Wexford
Stash black tea,Kerry,407.45,Description of Stash black tea in Kerry
Gold Irish seas moss,Cork,499.81,Description of Gold Irish seas moss in Cork
Stash black tea,Cork,373.8,Description of Stash black tea in Cork
Creed green Irish tweed men perfume spray,Wexford,558.77,Description of Creed green Irish tweed men perfume spray in Wexford
Torani flavouring syrup,Letterkenny,995.2,Description of Torani flavouring syrup in Letterkenny
Stash black tea,Waterford,473.61,Description of Stash black tea in Waterford
Kerry gold Irish butter,Wexford,278.69,Description of Kerry gold Irish butter in Wexford
Stash black tea,Limerick,490.01,Description of Stash black tea in Limerick
Gold Irish seas moss,Limerick,30.58,Description of Gold Irish seas moss in Limerick
Stash black tea,Galway,652.33,Description of Stash black tea in Galway
Stash black tea,Waterford,186.33,Description of Stash black tea in Waterford
Gold Irish seas moss,Limerick,698.47,Description of Gold Irish seas moss in Limerick
Kerry gold Irish butter,Galway,740.55,Description of Kerry gold Irish butter in Galway
Kerry gold Irish butter,Kerry,161.69,Description of Kerry gold Irish butter in Kerry
Torani flavouring syrup,Galway,808.42,Description of Torani flavouring syrup in Galway
Torani flavouring syrup,Donegal,629.78,Description of Torani flavouring syrup in Donegal
Creed green Irish tweed men perfume spray,Limerick,693.34,Description of Creed green Irish tweed men perfume spray in Limerick
Creed green Irish tweed men perfume spray,Wexford,831.15,Description of Creed green Irish tweed men perfume spray in Wexford
Creed green Irish tweed men perfume spray,Donegal,154.52,Description of Creed green Irish tweed men perfume spray in Donegal
Stash black tea,Wexford,388.85,Description of Stash black tea in Wexford
Gold Irish seas moss,Kerry,579.9,Description of Gold Irish seas moss in Kerry
Kerry gold Irish butter,Galway,365.73,Description of Kerry gold Irish butter in Galway
Creed green Irish tweed men perfume spray,Limerick,463.54,Description of Creed green Irish tweed men perfume spray in Limerick
Gold Irish seas moss,Sligo,666.22,Description of Gold Irish seas moss in Sligo
Creed green Irish tweed men perfume spray,Limerick,51.99,Description of Creed green Irish tweed men perfume spray in Limerick
Torani flavouring syrup,Dublin,600.44,Description of Torani flavouring syrup in Dublin
Torani flavouring syrup,Letterkenny,912.14,Description of Torani flavouring syrup in Letterkenny
Kerry gold Irish butter,Letterkenny,649.58,Description of Kerry gold Irish butter in Letterkenny
Gold Irish seas moss,Donegal,381.13,Description of Gold Irish seas moss in Donegal
Creed green Irish tweed men perfume spray,Dublin,528.16,Description of Creed green Irish tweed men perfume spray in Dublin
Creed green Irish tweed men perfume spray,Kerry,591.77,Description of Creed green Irish tweed men perfume spray in Kerry
Gold Irish seas moss,Sligo,59.8,Description of Gold Irish seas moss in Sligo
Torani flavouring syrup,Galway,548.45,Description of Torani flavouring syrup in Galway
Torani flavouring syrup,Donegal,251.86,Description of Torani flavouring syrup in Donegal
Creed green Irish tweed men perfume spray,Wexford,562.86,Description of Creed green Irish tweed men perfume spray in Wexford
Stash black tea,Letterkenny,475.62,Description of Stash black tea in Letterkenny
Creed green Irish tweed men perfume spray,Limerick,939.19,Description of Creed green Irish tweed men perfume spray in Limerick
Torani flavouring syrup,Kerry,44.6,Description of Torani flavouring syrup in Kerry
Creed green Irish tweed men perfume spray,Cork,875.07,Description of Creed green Irish tweed men perfume spray in Cork
Kerry gold Irish butter,Galway,970.57,Description of Kerry gold Irish butter in Galway
Gold Irish seas moss,Kerry,231.85,Description of Gold Irish seas moss in Kerry
Gold Irish seas moss,Limerick,774.78,Description of Gold Irish seas moss in Limerick
Stash black tea,Cork,694.2,Description of Stash black tea in Cork
Gold Irish seas moss,Donegal,864.67,Description of Gold Irish seas moss in Donegal
Stash black tea,Galway,990.51,Description of Stash black tea in Galway
Kerry gold Irish butter,Dublin,876.37,Description of Kerry gold Irish butter in Dublin
Gold Irish seas moss,Sligo,428.77,Description of Gold Irish seas moss in Sligo
Stash black tea,Dublin,713.43,Description of Stash black tea in Dublin
Stash black tea,Wexford,894.37,Description of Stash black tea in Wexford
Stash black tea,Wexford,41.48,Description of Stash black tea in Wexford
Kerry gold Irish butter,Letterkenny,107.67,Description of Kerry gold Irish butter in Letterkenny
Gold Irish seas moss,Kilkenny,274.49,Description of Gold Irish seas moss in Kilkenny
Creed green Irish tweed men perfume spray,Waterford,125.33,Description of Creed green Irish tweed men perfume spray in Waterford
Creed green Irish tweed men perfume spray,Letterkenny,589.31,Description of Creed green Irish tweed men perfume spray in Letterkenny
Torani flavouring syrup,Wexford,593.84,Description of Torani flavouring syrup in Wexford
Torani flavouring syrup,Donegal,751.81,Description of Torani flavouring syrup in Donegal
Creed green Irish tweed men perfume spray,Waterford,717.55,Description of Creed green Irish tweed men perfume spray in Waterford
Stash black tea,Wexford,393.8,Description of Stash black tea in Wexford
Torani flavouring syrup,Sligo,457.03,Description of Torani flavouring syrup in Sligo
Gold Irish seas moss,Kilkenny,171.79,Description of Gold Irish seas moss in Kilkenny
Stash black tea,Galway,765.61,Description of Stash black tea in Galway
Torani flavouring syrup,Kilkenny,779.57,Description of Torani flavouring syrup in Kilkenny
Gold Irish seas moss,Kerry,518.21,Description of Gold Irish seas moss in Kerry
Stash black tea,Cork,494.25,Description of Stash black tea in Cork
Stash black tea,Dublin,109.19,Description of Stash black tea in Dublin
Creed green Irish tweed men perfume spray,Galway,780.16,Description of Creed green Irish tweed men perfume spray in Galway
Gold Irish seas moss,Wexford,748.58,Description of Gold Irish seas moss in Wexford
Gold Irish seas moss,Kerry,10.08,Description of Gold Irish seas moss in Kerry
Gold Irish seas moss,Dublin,880.84,Description of Gold Irish seas moss in Dublin
Kerry gold Irish butter,Limerick,531.27,Description of Kerry gold Irish butter in Limerick
Kerry gold Irish butter,Sligo,619.64,Description of Kerry gold Irish butter in Sligo
Creed green Irish tweed men perfume spray,Kilkenny,392.27,Description of Creed green Irish tweed men perfume spray in Kilkenny
Gold Irish seas moss,Galway,981.19,Description of Gold Irish seas moss in Galway
Gold Irish seas moss,Galway,97.7,Description of Gold Irish seas moss in Galway
Gold Irish seas moss,Letterkenny,958.35,Description of Gold Irish seas moss in Letterkenny
Torani flavouring syrup,Wexford,732.77,Description of Torani flavouring syrup in Wexford
Kerry gold Irish butter,Cork,153.46,Description of Kerry gold Irish butter in Cork
Stash black tea,Wexford,653.2,Description of Stash black tea in Wexford
Creed green Irish tweed men perfume spray,Wexford,142.79,Description of Creed green Irish tweed men perfume spray in Wexford
Gold Irish seas moss,Waterford,166.34,Description of Gold Irish seas moss in Waterford
Stash black tea,Galway,233.49,Description of Stash black tea in Galway
Stash black tea,Wexford,900.78,Description of Stash black tea in Wexford
Gold Irish seas moss,Kilkenny,818.05,Description of Gold Irish seas moss in Kilkenny
Creed green Irish tweed men perfume spray,Letterkenny,130.67,Description of Creed green Irish tweed men perfume spray in Letterkenny
Creed green Irish tweed men perfume spray,Kilkenny,255.44,Description of Creed green Irish tweed men perfume spray in Kilkenny
Torani flavouring syrup,Cork,536.09,Description of Torani flavouring syrup in Cork
Creed green Irish tweed men perfume spray,Donegal,245.3,Description of Creed green Irish tweed men perfume spray in Donegal
Creed green Irish tweed men perfume spray,Cork,508.73,Description of Creed green Irish tweed men perfume spray in Cork
Gold Irish seas moss,Dublin,936.51,Description of Gold Irish seas moss in Dublin
Stash black tea,Donegal,169.07,Description of Stash black tea in Donegal
Creed green Irish tweed men perfume spray,Letterkenny,859.32,Description of Creed green Irish tweed men perfume spray in Letterkenny
Torani flavouring syrup,Dublin,508.94,Description of Torani flavouring syrup in Dublin
Creed green Irish tweed men perfume spray,Wexford,244.23,Description of Creed green Irish tweed men perfume spray in Wexford
Kerry gold Irish butter,Cork,54.85,Description of Kerry gold Irish butter in Cork
Kerry gold Irish butter,Dublin,768.96,Description of Kerry gold Irish butter in Dublin
Kerry gold Irish butter,Sligo,488.15,Description of Kerry gold Irish butter in Sligo
Gold Irish seas moss,Dublin,963.21,Description of Gold Irish seas moss in Dublin
Stash black tea,Dublin,659.84,Description of Stash black tea in Dublin
Gold Irish seas moss,Wexford,584.46,Description of Gold Irish seas moss in Wexford
Stash black tea,Galway,939.88,Description of Stash black tea in Galway
Gold Irish seas moss,Galway,930.99,Description of Gold Irish seas moss in Galway
Stash black tea,Sligo,536.88,Description of Stash black tea in Sligo
Gold Irish seas moss,Wexford,828.82,Description of Gold Irish seas moss in Wexford
Stash black tea,Cork,622.19,Description of Stash black tea in Cork
Torani flavouring syrup,Limerick,236.15,Description of Torani flavouring syrup in Limerick
Gold Irish seas moss,Limerick,744.97,Description of Gold Irish seas moss in Limerick
Gold Irish seas moss,Cork,894.61,Description of Gold Irish seas moss in Cork
Torani flavouring syrup,Donegal,183.35,Description of Torani flavouring syrup in Donegal
Creed green Irish tweed men perfume spray,Galway,85.28,Description of Creed green Irish tweed men perfume spray in Galway
Gold Irish seas moss,Kerry,312.51,Description of Gold Irish seas moss in Kerry
Stash black tea,Sligo,363.1,Description of Stash black tea in Sligo
Stash black tea,Galway,40.25,Description of Stash black tea in Galway
Gold Irish seas moss,Donegal,423.43,Description of Gold Irish seas moss in Donegal
Creed green Irish tweed men perfume spray,Kerry,80.94,Description of Creed green Irish tweed men perfume spray in Kerry
Gold Irish seas moss,Letterkenny,604.04,Description of Gold Irish seas moss in Letterkenny
Torani flavouring syrup,Dublin,232.57,Description of Torani flavouring syrup in Dublin
Creed green Irish tweed men perfume spray,Wexford,432.36,Description of Creed green Irish tweed men perfume spray in Wexford
Gold Irish seas moss,Dublin,578.21,Description of Gold Irish seas moss in Dublin
Creed green Irish tweed men perfume spray,Cork,34.61,Description of Creed green Irish tweed men perfume spray in Cork
Torani flavouring syrup,Donegal,923.98,Description of Torani flavouring syrup in Donegal
Gold Irish seas moss,Sligo,346.61,Description of Gold Irish seas moss in Sligo
Gold Irish seas moss,Donegal,789.06,Description of Gold Irish seas moss in Donegal
Kerry gold Irish butter,Donegal,914.92,Description of Kerry gold Irish butter in Donegal
Kerry gold Irish butter,Cork,834.38,Description of Kerry gold Irish butter in Cork
Gold Irish seas moss,Dublin,313.26,Description of Gold Irish seas moss in Dublin
Kerry gold Irish butter,Donegal,774.05,Description of Kerry gold Irish butter in Donegal
Creed green Irish tweed men perfume spray,Cork,254.35,Description of Creed green Irish tweed men perfume spray in Cork
Stash black tea,Limerick,572.78,Description of Stash black tea in Limerick
Stash black tea,Galway,817.21,Description of Stash black tea in Galway
Torani flavouring syrup,Dublin,219.08,Description of Torani flavouring syrup in Dublin
Stash black tea,Kilkenny,598.97,Description of Stash black tea in Kilkenny
Gold Irish seas moss,Galway,22.39,Description of Gold Irish seas moss in Galway
Creed green Irish tweed men perfume spray,Letterkenny,226.78,Description of Creed green Irish tweed men perfume spray in Letterkenny
Creed green Irish tweed men perfume spray,Galway,644.05,Description of Creed green Irish tweed men perfume spray in Galway
Creed green Irish tweed men perfume spray,Letterkenny,562.88,Description of Creed green Irish tweed men perfume spray in Letterkenny
Stash black tea,Kilkenny,785.98,Description of Stash black tea in Kilkenny
Torani flavouring syrup,Limerick,660.84,Description of Torani flavouring syrup in Limerick
Stash black tea,Dublin,512.69,Description of Stash black tea in Dublin
Creed green Irish tweed men perfume spray,Limerick,558.67,Description of Creed green Irish tweed men perfume spray in Limerick
Creed green Irish tweed men perfume spray,Kilkenny,522.97,Description of Creed green Irish tweed men perfume spray in Kilkenny
Creed green Irish tweed men perfume spray,Dublin,935.34,Description of Creed green Irish tweed men perfume spray in Dublin
Gold Irish seas moss,Donegal,889.82,Description of Gold Irish seas moss in Donegal
Gold Irish seas moss,Donegal,606.67,Description of Gold Irish seas moss in Donegal
Creed green Irish tweed men perfume spray,Waterford,848.01,Description of Creed green Irish tweed men perfume spray in Waterford
Torani flavouring syrup,Galway,794.49,Description of Torani flavouring syrup in Galway
Kerry gold Irish butter,Dublin,601.92,Description of Kerry gold Irish butter in Dublin
Gold Irish seas moss,Letterkenny,734.91,Description of Gold Irish seas moss in Letterkenny
Creed green Irish tweed men perfume spray,Donegal,453.12,Description of Creed green Irish tweed men perfume spray in Donegal
Creed green Irish tweed men perfume spray,Donegal,420.67,Description of Creed green Irish tweed men perfume spray in Donegal
Creed green Irish tweed men perfume spray,Kerry,548.03,Description of Creed green Irish tweed men perfume spray in Kerry
Torani flavouring syrup,Galway,969.69,Description of Torani flavouring syrup in Galway
Stash black tea,Wexford,120.71,Description of Stash black tea in Wexford
Gold Irish seas moss,Cork,65.12,Description of Gold Irish seas moss in Cork
Kerry gold Irish butter,Galway,692.19,Description of Kerry gold Irish butter in Galway
Torani flavouring syrup,Wexford,535.51,Description of Torani flavouring syrup in Wexford
Creed green Irish tweed men perfume spray,Donegal,730.3,Description of Creed green Irish tweed men perfume spray in Donegal
Stash black tea,Kerry,120.84,Description of Stash black tea in Kerry
Creed green Irish tweed men perfume spray,Letterkenny,503.14,Description of Creed green Irish tweed men perfume spray in Letterkenny
Creed green Irish tweed men perfume spray,Cork,232.1,Description of Creed green Irish tweed men perfume spray in Cork
Creed green Irish tweed men perfume spray,Cork,510.51,Description of Creed green Irish tweed men perfume spray in Cork
Stash black tea,Wexford,281.92,Description of Stash black tea in Wexford
Kerry gold Irish butter,Wexford,38.94,Description of Kerry gold Irish butter in Wexford
Kerry gold Irish butter,Wexford,244.39,Description of Kerry gold Irish butter in Wexford
Torani flavouring syrup,Cork,820.2,Description of Torani flavouring syrup in Cork
Creed green Irish tweed men perfume spray,Dublin,310.59,Description of Creed green Irish tweed men perfume spray in Dublin
Gold Irish seas moss,Wexford,752.51,Description of Gold Irish seas moss in Wexford
Creed green Irish tweed men perfume spray,Letterkenny,505.46,Description of Creed green Irish tweed men perfume spray in Letterkenny
Torani flavouring syrup,Wexford,374.33,Description of Torani flavouring syrup in Wexford
Torani flavouring syrup,Cork,217.3,Description of Torani flavouring syrup in Cork
Torani flavouring syrup,Wexford,306.93,Description of Torani flavouring syrup in Wexford
Kerry gold Irish butter,Letterkenny,272.31,Description of Kerry gold Irish butter in Letterkenny
Stash black tea,Letterkenny,882.83,Description of Stash black tea in Letterkenny
Gold Irish seas moss,Sligo,645.48,Description of Gold Irish seas moss in Sligo
Creed green Irish tweed men perfume spray,Cork,76.22,Description of Creed green Irish tweed men perfume spray in Cork
Kerry gold Irish butter,Waterford,128.35,Description of Kerry gold Irish butter in Waterford
Gold Irish seas moss,Limerick,64.98,Description of Gold Irish seas moss in Limerick
Creed green Irish tweed men perfume spray,Galway,716.57,Description of Creed green Irish tweed men perfume spray in Galway
Stash black tea,Waterford,425.12,Description of Stash black tea in Waterford
Stash black tea,Wexford,181.99,Description of Stash black tea in Wexford
Gold Irish seas moss,Wexford,460.61,Description of Gold Irish seas moss in Wexford
Kerry gold Irish butter,Wexford,871.99,Description of Kerry gold Irish butter in Wexford
Creed green Irish tweed men perfume spray,Limerick,50.29,Description of Creed green Irish tweed men perfume spray in Limerick
Stash black tea,Cork,968.73,Description of Stash black tea in Cork
Torani flavouring syrup,Dublin,598.6,Description of Torani flavouring syrup in Dublin
Torani flavouring syrup,Sligo,971.72,Description of Torani flavouring syrup in Sligo
Torani flavouring syrup,Limerick,602.02,Description of Torani flavouring syrup in Limerick
Kerry gold Irish butter,Kilkenny,322.33,Description of Kerry gold Irish butter in Kilkenny
Creed green Irish tweed men perfume spray,Kerry,181.19,Description of Creed green Irish tweed men perfume spray in Kerry
Creed green Irish tweed men perfume spray,Wexford,136.05,Description of Creed green Irish tweed men perfume spray in Wexford
Torani flavouring syrup,Letterkenny,795.86,Description of Torani flavouring syrup in Letterkenny
Kerry gold Irish butter,Kilkenny,521.56,Description of Kerry gold Irish butter in Kilkenny
Gold Irish seas moss,Dublin,353.6,Description of Gold Irish seas moss in Dublin
Gold Irish seas moss,Wexford,646.92,Description of Gold Irish seas moss in Wexford
Gold Irish seas moss,Letterkenny,819.25,Description of Gold Irish seas moss in Letterkenny
Gold Irish seas moss,Dublin,72.52,Description of Gold Irish seas moss in Dublin
Gold Irish seas moss,Waterford,497.25,Description of Gold Irish seas moss in Waterford
Torani flavouring syrup,Waterford,779.61,Description of Torani flavouring syrup in Waterford
Torani flavouring syrup,Kilkenny,873.79,Description of Torani flavouring syrup in Kilkenny
Gold Irish seas moss,Wexford,676.1,Description of Gold Irish seas moss in Wexford
Torani flavouring syrup,Kilkenny,521.27,Description of Torani flavouring syrup in Kilkenny
Creed green Irish tweed men perfume spray,Letterkenny,243.14,Description of Creed green Irish tweed men perfume spray in Letterkenny
Creed green Irish tweed men perfume spray,Dublin,183.34,Description of Creed green Irish tweed men perfume spray in Dublin
Torani flavouring syrup,Kilkenny,478.97,Description of Torani flavouring syrup in Kilkenny
Kerry gold Irish butter,Galway,985.99,Description of Kerry gold Irish butter in Galway
Stash black tea,Limerick,599.98,Description of Stash black tea in Limerick
Torani flavouring syrup,Wexford,932.87,Description of Torani flavouring syrup in Wexford
Kerry gold Irish butter,Kilkenny,461.46,Description of Kerry gold Irish butter in Kilkenny
Torani flavouring syrup,Letterkenny,683.24,Description of Torani flavouring syrup in Letterkenny
Kerry gold Irish butter,Waterford,57.85,Description of Kerry gold Irish butter in Waterford
Gold Irish seas moss,Kerry,737.19,Description of Gold Irish seas moss in Kerry
Stash black tea,Waterford,803.78,Description of Stash black tea in Waterford
Gold Irish seas moss,Letterkenny,119.62,Description of Gold Irish seas moss in Letterkenny
Gold Irish seas moss,Donegal,74.11,Description of Gold Irish seas moss in Donegal
Gold Irish seas moss,Cork,987.49,Description of Gold Irish seas moss in Cork
Kerry gold Irish butter,Limerick,279.94,Description of Kerry gold Irish butter in Limerick
Kerry gold Irish butter,Kilkenny,818.07,Description of Kerry gold Irish butter in Kilkenny
Gold Irish seas moss,Limerick,249.18,Description of Gold Irish seas moss in Limerick
Gold Irish seas moss,Kilkenny,429.5,Description of Gold Irish seas moss in Kilkenny
Gold Irish seas moss,Wexford,261.58,Description of Gold Irish seas moss in Wexford
Gold Irish seas moss,Wexford,557.38,Description of Gold Irish seas moss in Wexford
Gold Irish seas moss,Kilkenny,252.36,Description of Gold Irish seas moss in Kilkenny
Creed green Irish tweed men perfume spray,Waterford,577.91,Description of Creed green Irish tweed men perfume spray in Waterford
Stash black tea,Limerick,622.5,Description of Stash black tea in Limerick
Gold Irish seas moss,Waterford,461.03,Description of Gold Irish seas moss in Waterford
Kerry gold Irish butter,Galway,283.78,Description of Kerry gold Irish butter in Galway
Torani flavouring syrup,Wexford,928.56,Description of Torani flavouring syrup in Wexford
Kerry gold Irish butter,Kilkenny,966.71,Description of Kerry gold Irish butter in Kilkenny
Gold Irish seas moss,Wexford,256.13,Description of Gold Irish seas moss in Wexford
Stash black tea,Cork,278.22,Description of Stash black tea in Cork
Torani flavouring syrup,Kerry,232.22,Description of Torani flavouring syrup in Kerry
Creed green Irish tweed men perfume spray,Sligo,722.04,Description of Creed green Irish tweed men perfume spray in Sligo
Gold Irish seas moss,Galway,604.11,Description of Gold Irish seas moss in Galway
Stash black tea,Kerry,468.44,Description of Stash black tea in Kerry
Creed green Irish tweed men perfume spray,Waterford,977.23,Description of Creed green Irish tweed men perfume spray in Waterford
Torani flavouring syrup,Limerick,785.12,Description of Torani flavouring syrup in Limerick
Creed green Irish tweed men perfume spray,Wexford,789.26,Description of Creed green Irish tweed men perfume spray in Wexford
Creed green Irish tweed men perfume spray,Dublin,362.79,Description of Creed green Irish tweed men perfume spray in Dublin
Torani flavouring syrup,Letterkenny,618.33,Description of Torani flavouring syrup in Letterkenny
Torani flavouring syrup,Waterford,475.55,Description of Torani flavouring syrup in Waterford
Gold Irish seas moss,Waterford,901.59,Description of Gold Irish seas moss in Waterford
Creed green Irish tweed men perfume spray,Wexford,268.76,Description of Creed green Irish tweed men perfume spray in Wexford
Kerry gold Irish butter,Waterford,861.72,Description of Kerry gold Irish butter in Waterford
Gold Irish seas moss,Donegal,69.32,Description of Gold Irish seas moss in Donegal
Gold Irish seas moss,Cork,324.51,Description of Gold Irish seas moss in Cork
Stash black tea,Waterford,762.98,Description of Stash black tea in Waterford
Gold Irish seas moss,Kilkenny,276.93,Description of Gold Irish seas moss in Kilkenny
Torani flavouring syrup,Donegal,643.87,Description of Torani flavouring syrup in Donegal
Kerry gold Irish butter,Letterkenny,742.02,Description of Kerry gold Irish butter in Letterkenny
Kerry gold Irish butter,Sligo,315.07,Description of Kerry gold Irish butter in Sligo
Kerry gold Irish butter,Limerick,522.85,Description of Kerry gold Irish butter in Limerick
Stash black tea,Limerick,721.47,Description of Stash black tea in Limerick
Creed green Irish tweed men perfume spray,Letterkenny,275.87,Description of Creed green Irish tweed men perfume spray in Letterkenny
Stash black tea,Letterkenny,563.9,Description of Stash black tea in Letterkenny
Gold Irish seas moss,Letterkenny,748.81,Description of Gold Irish seas moss in Letterkenny
Gold Irish seas moss,Wexford,907.24,Description of Gold Irish seas moss in Wexford
Gold Irish seas moss,Letterkenny,996.55,Description of Gold Irish seas moss in Letterkenny
Gold Irish seas moss,Wexford,66.65,Description of Gold Irish seas moss in Wexford
Torani flavouring syrup,Donegal,756.09,Description of Torani flavouring syrup in Donegal
Gold Irish seas moss,Cork,949.55,Description of Gold Irish seas moss in Cork
Creed green Irish tweed men perfume spray,Limerick,815.35,Description of Creed green Irish tweed men perfume spray in Limerick
Kerry gold Irish butter,Galway,99.17,Description of Kerry gold Irish butter in Galway
Gold Irish seas moss,Kilkenny,966.89,Description of Gold Irish seas moss in Kilkenny
Kerry gold Irish butter,Kerry,975.13,Description of Kerry gold Irish butter in Kerry
Kerry gold Irish butter,Sligo,587.54,Description of Kerry gold Irish butter in Sligo
Stash black tea,Donegal,454.96,Description of Stash black tea in Donegal
Gold Irish seas moss,Galway,615.22,Description of Gold Irish seas moss in Galway
Gold Irish seas moss,Kerry,149.91,Description of Gold Irish seas moss in Kerry
Gold Irish seas moss,Dublin,148.52,Description of Gold Irish seas moss in Dublin
Creed green Irish tweed men perfume spray,Sligo,478.99,Description of Creed green Irish tweed men perfume spray in Sligo
Stash black tea,Galway,172.2,Description of Stash black tea in Galway
Creed green Irish tweed men perfume spray,Letterkenny,385,Description of Creed green Irish tweed men perfume spray in Letterkenny
Gold Irish seas moss,Kerry,980.18,Description of Gold Irish seas moss in Kerry
Gold Irish seas moss,Limerick,994.51,Description of Gold Irish seas moss in Limerick
Torani flavouring syrup,Wexford,956.03,Description of Torani flavouring syrup in Wexford
Stash black tea,Wexford,344.65,Description of Stash black tea in Wexford
Torani flavouring syrup,Cork,698.21,Description of Torani flavouring syrup in Cork
Stash black tea,Galway,222.78,Description of Stash black tea in Galway
Torani flavouring syrup,Wexford,939.53,Description of Torani flavouring syrup in Wexford
Stash black tea,Cork,290.8,Description of Stash black tea in Cork
Kerry gold Irish butter,Galway,560.13,Description of Kerry gold Irish butter in Galway
Kerry gold Irish butter,Limerick,404.39,Description of Kerry gold Irish butter in Limerick
Gold Irish seas moss,Kilkenny,54.6,Description of Gold Irish seas moss in Kilkenny
Creed green Irish tweed men perfume spray,Galway,426.83,Description of Creed green Irish tweed men perfume spray in Galway
Kerry gold Irish butter,Waterford,874.06,Description of Kerry gold Irish butter in Waterford
Torani flavouring syrup,Kerry,11.61,Description of Torani flavouring syrup in Kerry
Gold Irish seas moss,Wexford,676.48,Description of Gold Irish seas moss in Wexford
Creed green Irish tweed men perfume spray,Limerick,787.22,Description of Creed green Irish tweed men perfume spray in Limerick
Torani flavouring syrup,Kerry,731.88,Description of Torani flavouring syrup in Kerry
Creed green Irish tweed men perfume spray,Wexford,275.36,Description of Creed green Irish tweed men perfume spray in Wexford
Gold Irish seas moss,Kilkenny,671.98,Description of Gold Irish seas moss in Kilkenny
Stash black tea,Waterford,250.47,Description of Stash black tea in Waterford
Gold Irish seas moss,Cork,349.31,Description of Gold Irish seas moss in Cork
Torani flavouring syrup,Wexford,834.46,Description of Torani flavouring syrup in Wexford
Gold Irish seas moss,Letterkenny,779.88,Description of Gold Irish seas moss in Letterkenny
Gold Irish seas moss,Cork,239.82,Description of Gold Irish seas moss in Cork
Kerry gold Irish butter,Limerick,880.07,Description of Kerry gold Irish butter in Limerick
Creed green Irish tweed men perfume spray,Letterkenny,683.39,Description of Creed green Irish tweed men perfume spray in Letterkenny
Torani flavouring syrup,Sligo,915.56,Description of Torani flavouring syrup in Sligo
Stash black tea,Waterford,262.62,Description of Stash black tea in Waterford
Stash black tea,Kerry,937.19,Description of Stash black tea in Kerry
Gold Irish seas moss,Waterford,420.28,Description of Gold Irish seas moss in Waterford
Creed green Irish tweed men perfume spray,Kerry,964.65,Description of Creed green Irish tweed men perfume spray in Kerry
Creed green Irish tweed men perfume spray,Sligo,836.73,Description of Creed green Irish tweed men perfume spray in Sligo
Gold Irish seas moss,Cork,455.5,Description of Gold Irish seas moss in Cork
Torani flavouring syrup,Limerick,440.63,Description of Torani flavouring syrup in Limerick
Creed green Irish tweed men perfume spray,Kerry,148.94,Description of Creed green Irish tweed men perfume spray in Kerry
Gold Irish seas moss,Limerick,806.82,Description of Gold Irish seas moss in Limerick
Torani flavouring syrup,Waterford,694.55,Description of Torani flavouring syrup in Waterford
Stash black tea,Wexford,110.09,Description of Stash black tea in Wexford
Torani flavouring syrup,Limerick,423.31,Description of Torani flavouring syrup in Limerick
Stash black tea,Donegal,911.39,Description of Stash black tea in Donegal
Gold Irish seas moss,Kilkenny,367.52,Description of Gold Irish seas moss in Kilkenny
Kerry gold Irish butter,Dublin,739,Description of Kerry gold Irish butter in Dublin
Kerry gold Irish butter,Dublin,637.14,Description of Kerry gold Irish butter in Dublin
Kerry gold Irish butter,Kerry,165.23,Description of Kerry gold Irish butter in Kerry
Kerry gold Irish butter,Limerick,992.88,Description of Kerry gold Irish butter in Limerick
Creed green Irish tweed men perfume spray,Sligo,937.17,Description of Creed green Irish tweed men perfume spray in Sligo
Gold Irish seas moss,Sligo,321.27,Description of Gold Irish seas moss in Sligo
Creed green Irish tweed men perfume spray,Wexford,238.95,Description of Creed green Irish tweed men perfume spray in Wexford
Stash black tea,Waterford,294.58,Description of Stash black tea in Waterford
Kerry gold Irish butter,Galway,666.84,Description of Kerry gold Irish butter in Galway
Torani flavouring syrup,Dublin,898.98,Description of Torani flavouring syrup in Dublin
Kerry gold Irish butter,Sligo,524.92,Description of Kerry gold Irish butter in Sligo
Torani flavouring syrup,Kilkenny,593.62,Description of Torani flavouring syrup in Kilkenny
Stash black tea,Galway,399.63,Description of Stash black tea in Galway
Creed green Irish tweed men perfume spray,Wexford,960.02,Description of Creed green Irish tweed men perfume spray in Wexford
Creed green Irish tweed men perfume spray,Wexford,53.78,Description of Creed green Irish tweed men perfume spray in Wexford
Creed green Irish tweed men perfume spray,Cork,519.48,Description of Creed green Irish tweed men perfume spray in Cork
Gold Irish seas moss,Wexford,738.46,Description of Gold Irish seas moss in Wexford
Creed green Irish tweed men perfume spray,Letterkenny,192.41,Description of Creed green Irish tweed men perfume spray in Letterkenny
Kerry gold Irish butter,Wexford,492.46,Description of Kerry gold Irish butter in Wexford
Gold Irish seas moss,Kilkenny,981.59,Description of Gold Irish seas moss in Kilkenny
Gold Irish seas moss,Sligo,119.93,Description of Gold Irish seas moss in Sligo
Torani flavouring syrup,Cork,246.18,Description of Torani flavouring syrup in Cork
Stash black tea,Kilkenny,770.44,Description of Stash black tea in Kilkenny
Gold Irish seas moss,Kilkenny,535.73,Description of Gold Irish seas moss in Kilkenny
Torani flavouring syrup,Cork,509.9,Description of Torani flavouring syrup in Cork
Torani flavouring syrup,Dublin,871.8,Description of Torani flavouring syrup in Dublin
Stash black tea,Donegal,688.65,Description of Stash black tea in Donegal
Creed green Irish tweed men perfume spray,Waterford,656.22,Description of Creed green Irish tweed men perfume spray in Waterford
Creed green Irish tweed men perfume spray,Wexford,418.92,Description of Creed green Irish tweed men perfume spray in Wexford
Creed green Irish tweed men perfume spray,Limerick,998.59,Description of Creed green Irish tweed men perfume spray in Limerick
Creed green Irish tweed men perfume spray,Sligo,792.84,Description of Creed green Irish tweed men perfume spray in Sligo
Kerry gold Irish butter,Galway,998.49,Description of Kerry gold Irish butter in Galway
Stash black tea,Limerick,604.02,Description of Stash black tea in Limerick
Kerry gold Irish butter,Kerry,92.08,Description of Kerry gold Irish butter in Kerry
Gold Irish seas moss,Limerick,998.2,Description of Gold Irish seas moss in Limerick
Kerry gold Irish butter,Sligo,625.58,Description of Kerry gold Irish butter in Sligo
Stash black tea,Cork,850.82,Description of Stash black tea in Cork
Torani flavouring syrup,Kilkenny,330.15,Description of Torani flavouring syrup in Kilkenny
Creed green Irish tweed men perfume spray,Kilkenny,963.01,Description of Creed green Irish tweed men perfume spray in Kilkenny
Torani flavouring syrup,Letterkenny,709.74,Description of Torani flavouring syrup in Letterkenny
Stash black tea,Donegal,611.74,Description of Stash black tea in Donegal
Torani flavouring syrup,Limerick,988.14,Description of Torani flavouring syrup in Limerick
Gold Irish seas moss,Letterkenny,157.27,Description of Gold Irish seas moss in Letterkenny
Gold Irish seas moss,Kilkenny,38.34,Description of Gold Irish seas moss in Kilkenny
Kerry gold Irish butter,Sligo,402.3,Description of Kerry gold Irish butter in Sligo
Kerry gold Irish butter,Waterford,690.6,Description of Kerry gold Irish butter in Waterford
Kerry gold Irish butter,Wexford,482.02,Description of Kerry gold Irish butter in Wexford
Gold Irish seas moss,Cork,747.28,Description of Gold Irish seas moss in Cork
Torani flavouring syrup,Limerick,171.64,Description of Torani flavouring syrup in Limerick
Creed green Irish tweed men perfume spray,Kilkenny,341.99,Description of Creed green Irish tweed men perfume spray in Kilkenny
Kerry gold Irish butter,Kilkenny,231.76,Description of Kerry gold Irish butter in Kilkenny
Gold Irish seas moss,Cork,511.16,Description of Gold Irish seas moss in Cork
Stash black tea,Cork,193.18,Description of Stash black tea in Cork
Kerry gold Irish butter,Waterford,266.7,Description of Kerry gold Irish butter in Waterford
Torani flavouring syrup,Letterkenny,340.93,Description of Torani flavouring syrup in Letterkenny
Creed green Irish tweed men perfume spray,Wexford,790.03,Description of Creed green Irish tweed men perfume spray in Wexford
Stash black tea,Kerry,245.43,Description of Stash black tea in Kerry
Kerry gold Irish butter,Wexford,514.94,Description of Kerry gold Irish butter in Wexford
Gold Irish seas moss,Wexford,257.68,Description of Gold Irish seas moss in Wexford
Stash black tea,Cork,540.5,Description of Stash black tea in Cork
Creed green Irish tweed men perfume spray,Kilkenny,828.37,Description of Creed green Irish tweed men perfume spray in Kilkenny
Stash black tea,Kerry,691.56,Description of Stash black tea in Kerry
Stash black tea,Dublin,889.68,Description of Stash black tea in Dublin
Stash black tea,Waterford,554.33,Description of Stash black tea in Waterford
Gold Irish seas moss,Limerick,614.47,Description of Gold Irish seas moss in Limerick
Torani flavouring syrup,Cork,25.68,Description of Torani flavouring syrup in Cork
Creed green Irish tweed men perfume spray,Dublin,913.63,Description of Creed green Irish tweed men perfume spray in Dublin
Creed green Irish tweed men perfume spray,Cork,40.84,Description of Creed green Irish tweed men perfume spray in Cork
Torani flavouring syrup,Galway,650.12,Description of Torani flavouring syrup in Galway
Kerry gold Irish butter,Waterford,749.1,Description of Kerry gold Irish butter in Waterford
Gold Irish seas moss,Sligo,597.49,Description of Gold Irish seas moss in Sligo
Creed green Irish tweed men perfume spray,Dublin,690.11,Description of Creed green Irish tweed men perfume spray in Dublin
Creed green Irish tweed men perfume spray,Kerry,937.4,Description of Creed green Irish tweed men perfume spray in Kerry
Torani flavouring syrup,Donegal,458.63,Description of Torani flavouring syrup in Donegal
Torani flavouring syrup,Kilkenny,239.75,Description of Torani flavouring syrup in Kilkenny
Torani flavouring syrup,Galway,46.7,Description of Torani flavouring syrup in Galway
Stash black tea,Letterkenny,98.12,Description of Stash black tea in Letterkenny
Kerry gold Irish butter,Wexford,146.64,Description of Kerry gold Irish butter in Wexford
Kerry gold Irish butter,Limerick,977.83,Description of Kerry gold Irish butter in Limerick
Gold Irish seas moss,Kerry,263.51,Description of Gold Irish seas moss in Kerry
Stash black tea,Wexford,155.79,Description of Stash black tea in Wexford
Kerry gold Irish butter,Letterkenny,951.56,Description of Kerry gold Irish butter in Letterkenny
Stash black tea,Donegal,185.28,Description of Stash black tea in Donegal
Creed green Irish tweed men perfume spray,Donegal,848.01,Description of Creed green Irish tweed men perfume spray in Donegal
Kerry gold Irish butter,Limerick,508.2,Description of Kerry gold Irish butter in Limerick
Kerry gold Irish butter,Wexford,298.17,Description of Kerry gold Irish butter in Wexford
Gold Irish seas moss,Wexford,478.15,Description of Gold Irish seas moss in Wexford
Creed green Irish tweed men perfume spray,Kerry,782.12,Description of Creed green Irish tweed men perfume spray in Kerry
Gold Irish seas moss,Sligo,716.2,Description of Gold Irish seas moss in Sligo
Gold Irish seas moss,Letterkenny,431.39,Description of Gold Irish seas moss in Letterkenny
Kerry gold Irish butter,Wexford,916.21,Description of Kerry gold Irish butter in Wexford
Kerry gold Irish butter,Kilkenny,832.48,Description of Kerry gold Irish butter in Kilkenny
Kerry gold Irish butter,Galway,837.21,Description of Kerry gold Irish butter in Galway
Torani flavouring syrup,Limerick,714.48,Description of Torani flavouring syrup in Limerick
Torani flavouring syrup,Letterkenny,223.46,Description of Torani flavouring syrup in Letterkenny
Stash black tea,Dublin,272.18,Description of Stash black tea in Dublin
Creed green Irish tweed men perfume spray,Kerry,462.37,Description of Creed green Irish tweed men perfume spray in Kerry
Torani flavouring syrup,Kerry,784.71,Description of Torani flavouring syrup in Kerry
Creed green Irish tweed men perfume spray,Sligo,450.62,Description of Creed green Irish tweed men perfume spray in Sligo
Stash black tea,Letterkenny,162.15,Description of Stash black tea in Letterkenny
Gold Irish seas moss,Wexford,615.65,Description of Gold Irish seas moss in Wexford
Gold Irish seas moss,Sligo,120.81,Description of Gold Irish seas moss in Sligo
Torani flavouring syrup,Waterford,614.05,Description of Torani flavouring syrup in Waterford
Torani flavouring syrup,Limerick,826.77,Description of Torani flavouring syrup in Limerick
Torani flavouring syrup,Wexford,893.34,Description of Torani flavouring syrup in Wexford
Kerry gold Irish butter,Galway,424.59,Description of Kerry gold Irish butter in Galway
Torani flavouring syrup,Sligo,426.79,Description of Torani flavouring syrup in Sligo
Stash black tea,Kilkenny,692.8,Description of Stash black tea in Kilkenny
Torani flavouring syrup,Dublin,914.81,Description of Torani flavouring syrup in Dublin
Stash black tea,Kerry,224.38,Description of Stash black tea in Kerry
Stash black tea,Limerick,588.23,Description of Stash black tea in Limerick
Stash black tea,Kerry,250.17,Description of Stash black tea in Kerry
Stash black tea,Kilkenny,732.53,Description of Stash black tea in Kilkenny
Torani flavouring syrup,Sligo,616.6,Description of Torani flavouring syrup in Sligo
Stash black tea,Wexford,148.63,Description of Stash black tea in Wexford
Stash black tea,Galway,640.17,Description of Stash black tea in Galway
Kerry gold Irish butter,Kilkenny,567.33,Description of Kerry gold Irish butter in Kilkenny
Stash black tea,Limerick,606.85,Description of Stash black tea in Limerick
Creed green Irish tweed men perfume spray,Wexford,47.25,Description of Creed green Irish tweed men perfume spray in Wexford
Kerry gold Irish butter,Waterford,927.02,Description of Kerry gold Irish butter in Waterford
Kerry gold Irish butter,Kilkenny,675.54,Description of Kerry gold Irish butter in Kilkenny
Gold Irish seas moss,Dublin,439.03,Description of Gold Irish seas moss in Dublin
Creed green Irish tweed men perfume spray,Kilkenny,397.59,Description of Creed green Irish tweed men perfume spray in Kilkenny
Creed green Irish tweed men perfume spray,Wexford,128.05,Description of Creed green Irish tweed men perfume spray in Wexford
Gold Irish seas moss,Donegal,917.07,Description of Gold Irish seas moss in Donegal
Gold Irish seas moss,Kilkenny,287.22,Description of Gold Irish seas moss in Kilkenny
Stash black tea,Wexford,240.02,Description of Stash black tea in Wexford
Gold Irish seas moss,Dublin,621.14,Description of Gold Irish seas moss in Dublin
Torani flavouring syrup,Donegal,974.16,Description of Torani flavouring syrup in Donegal
Creed green Irish tweed men perfume spray,Sligo,996.82,Description of Creed green Irish tweed men perfume spray in Sligo
Creed green Irish tweed men perfume spray,Cork,447.46,Description of Creed green Irish tweed men perfume spray in Cork
Gold Irish seas moss,Letterkenny,229.27,Description of Gold Irish seas moss in Letterkenny
Torani flavouring syrup,Galway,366.89,Description of Torani flavouring syrup in Galway
Gold Irish seas moss,Sligo,228.18,Description of Gold Irish seas moss in Sligo
Stash black tea,Wexford,856.14,Description of Stash black tea in Wexford
Kerry gold Irish butter,Limerick,853.58,Description of Kerry gold Irish butter in Limerick
Stash black tea,Dublin,674.08,Description of Stash black tea in Dublin
Gold Irish seas moss,Limerick,24.77,Description of Gold Irish seas moss in Limerick
Kerry gold Irish butter,Dublin,438.78,Description of Kerry gold Irish butter in Dublin
Gold Irish seas moss,Donegal,400.6,Description of Gold Irish seas moss in Donegal
Kerry gold Irish butter,Wexford,66.05,Description of Kerry gold Irish butter in Wexford
Creed green Irish tweed men perfume spray,Waterford,991.01,Description of Creed green Irish tweed men perfume spray in Waterford
Gold Irish seas moss,Wexford,271.37,Description of Gold Irish seas moss in Wexford
Gold Irish seas moss,Donegal,229.47,Description of Gold Irish seas moss in Donegal
Torani flavouring syrup,Waterford,42.04,Description of Torani flavouring syrup in Waterford
Gold Irish seas moss,Limerick,276.96,Description of Gold Irish seas moss in Limerick
Kerry gold Irish butter,Wexford,209.15,Description of Kerry gold Irish butter in Wexford
Gold Irish seas moss,Sligo,596.97,Description of Gold Irish seas moss in Sligo
Gold Irish seas moss,Wexford,874.51,Description of Gold Irish seas moss in Wexford
Torani flavouring syrup,Limerick,115.07,Description of Torani flavouring syrup in Limerick
Creed green Irish tweed men perfume spray,Donegal,408.94,Description of Creed green Irish tweed men perfume spray in Donegal
Gold Irish seas moss,Wexford,16.85,Description of Gold Irish seas moss in Wexford
Creed green Irish tweed men perfume spray,Limerick,402.84,Description of Creed green Irish tweed men perfume spray in Limerick
Torani flavouring syrup,Cork,81.08,Description of Torani flavouring syrup in Cork
Stash black tea,Wexford,392.92,Description of Stash black tea in Wexford
Stash black tea,Kilkenny,455.97,Description of Stash black tea in Kilkenny
Torani flavouring syrup,Letterkenny,785.05,Description of Torani flavouring syrup in Letterkenny
Creed green Irish tweed men perfume spray,Waterford,585.36,Description of Creed green Irish tweed men perfume spray in Waterford
Torani flavouring syrup,Waterford,801.11,Description of Torani flavouring syrup in Waterford
Gold Irish seas moss,Wexford,598.57,Description of Gold Irish seas moss in Wexford
Creed green Irish tweed men perfume spray,Dublin,951.34,Description of Creed green Irish tweed men perfume spray in Dublin
Stash black tea,Galway,368.99,Description of Stash black tea in Galway
Torani flavouring syrup,Dublin,568.78,Description of Torani flavouring syrup in Dublin
Kerry gold Irish butter,Wexford,256.42,Description of Kerry gold Irish butter in Wexford
Kerry gold Irish butter,Kerry,333.78,Description of Kerry gold Irish butter in Kerry
Gold Irish seas moss,Dublin,476.25,Description of Gold Irish seas moss in Dublin
Creed green Irish tweed men perfume spray,Galway,827.26,Description of Creed green Irish tweed men perfume spray in Galway
Torani flavouring syrup,Galway,228.38,Description of Torani flavouring syrup in Galway
Creed green Irish tweed men perfume spray,Waterford,114.21,Description of Creed green Irish tweed men perfume spray in Waterford
Stash black tea,Wexford,490.71,Description of Stash black tea in Wexford
Stash black tea,Letterkenny,555.09,Description of Stash black tea in Letterkenny
Creed green Irish tweed men perfume spray,Waterford,270.61,Description of Creed green Irish tweed men perfume spray in Waterford
Gold Irish seas moss,Kerry,182.72,Description of Gold Irish seas moss in Kerry
Creed green Irish tweed men perfume spray,Cork,728.58,Description of Creed green Irish tweed men perfume spray in Cork
Creed green Irish tweed men perfume spray,Kilkenny,291.14,Description of Creed green Irish tweed men perfume spray in Kilkenny
Torani flavouring syrup,Dublin,876.37,Description of Torani flavouring syrup in Dublin
Stash black tea,Wexford,568.03,Description of Stash black tea in Wexford
Gold Irish seas moss,Limerick,691.02,Description of Gold Irish seas moss in Limerick
Kerry gold Irish butter,Donegal,244.25,Description of Kerry gold Irish butter in Donegal
Torani flavouring syrup,Dublin,967.67,Description of Torani flavouring syrup in Dublin
Torani flavouring syrup,Kilkenny,734.86,Description of Torani flavouring syrup in Kilkenny
Stash black tea,Sligo,785.56,Description of Stash black tea in Sligo
Kerry gold Irish butter,Cork,829.83,Description of Kerry gold Irish butter in Cork
Torani flavouring syrup,Donegal,589.83,Description of Torani flavouring syrup in Donegal
Stash black tea,Kerry,373.17,Description of Stash black tea in Kerry
Stash black tea,Wexford,530.88,Description of Stash black tea in Wexford
Gold Irish seas moss,Donegal,709.86,Description of Gold Irish seas moss in Donegal
Creed green Irish tweed men perfume spray,Letterkenny,992.65,Description of Creed green Irish tweed men perfume spray in Letterkenny
Kerry gold Irish butter,Dublin,174.17,Description of Kerry gold Irish butter in Dublin
Creed green Irish tweed men perfume spray,Sligo,856.08,Description of Creed green Irish tweed men perfume spray in Sligo
Gold Irish seas moss,Sligo,673.23,Description of Gold Irish seas moss in Sligo
Stash black tea,Waterford,339.37,Description of Stash black tea in Waterford
Gold Irish seas moss,Sligo,128.9,Description of Gold Irish seas moss in Sligo
Torani flavouring syrup,Sligo,540.02,Description of Torani flavouring syrup in Sligo
Stash black tea,Letterkenny,742.9,Description of Stash black tea in Letterkenny
Kerry gold Irish butter,Letterkenny,581.55,Description of Kerry gold Irish butter in Letterkenny
Gold Irish seas moss,Kerry,821.42,Description of Gold Irish seas moss in Kerry
Torani flavouring syrup,Dublin,37.23,Description of Torani flavouring syrup in Dublin
Stash black tea,Limerick,181.68,Description of Stash black tea in Limerick
Stash black tea,Dublin,164.86,Description of Stash black tea in Dublin
Creed green Irish tweed men perfume spray,Limerick,693.27,Description of Creed green Irish tweed men perfume spray in Limerick
Gold Irish seas moss,Kilkenny,462.72,Description of Gold Irish seas moss in Kilkenny
Creed green Irish tweed men perfume spray,Letterkenny,53.3,Description of Creed green Irish tweed men perfume spray in Letterkenny
Torani flavouring syrup,Wexford,280.89,Description of Torani flavouring syrup in Wexford
Gold Irish seas moss,Wexford,66.76,Description of Gold Irish seas moss in Wexford
Gold Irish seas moss,Donegal,121.33,Description of Gold Irish seas moss in Donegal
Creed green Irish tweed men perfume spray,Letterkenny,359.36,Description of Creed green Irish tweed men perfume spray in Letterkenny
Kerry gold Irish butter,Wexford,396.78,Description of Kerry gold Irish butter in Wexford
Torani flavouring syrup,Galway,134.92,Description of Torani flavouring syrup in Galway
Creed green Irish tweed men perfume spray,Wexford,312.49,Description of Creed green Irish tweed men perfume spray in Wexford
Stash black tea,Wexford,365.98,Description of Stash black tea in Wexford
Gold Irish seas moss,Galway,368.27,Description of Gold Irish seas moss in Galway
Stash black tea,Donegal,13.71,Description of Stash black tea in Donegal
Creed green Irish tweed men perfume spray,Waterford,911.85,Description of Creed green Irish tweed men perfume spray in Waterford
Creed green Irish tweed men perfume spray,Waterford,455.07,Description of Creed green Irish tweed men perfume spray in Waterford
Stash black tea,Wexford,160.45,Description of Stash black tea in Wexford
Creed green Irish tweed men perfume spray,Letterkenny,290.24,Description of Creed green Irish tweed men perfume spray in Letterkenny
Kerry gold Irish butter,Dublin,374.73,Description of Kerry gold Irish butter in Dublin
Gold Irish seas moss,Waterford,473.6,Description of Gold Irish seas moss in Waterford
Kerry gold Irish butter,Cork,75,Description of Kerry gold Irish butter in Cork
Creed green Irish tweed men perfume spray,Sligo,756.47,Description of Creed green Irish tweed men perfume spray in Sligo
Stash black tea,Limerick,27.36,Description of Stash black tea in Limerick
Torani flavouring syrup,Wexford,365.17,Description of Torani flavouring syrup in Wexford
Creed green Irish tweed men perfume spray,Letterkenny,338.77,Description of Creed green Irish tweed men perfume spray in Letterkenny
Gold Irish seas moss,Sligo,881.25,Description of Gold Irish seas moss in Sligo
Kerry gold Irish butter,Letterkenny,378.49,Description of Kerry gold Irish butter in Letterkenny
Stash black tea,Wexford,144.37,Description of Stash black tea in Wexford
Kerry gold Irish butter,Donegal,45.41,Description of Kerry gold Irish butter in Donegal
Torani flavouring syrup,Wexford,851.91,Description of Torani flavouring syrup in Wexford
Kerry gold Irish butter,Cork,464.59,Description of Kerry gold Irish butter in Cork
Kerry gold Irish butter,Kerry,306.48,Description of Kerry gold Irish butter in Kerry
Gold Irish seas moss,Letterkenny,737.87,Description of Gold Irish seas moss in Letterkenny
Torani flavouring syrup,Donegal,828.12,Description of Torani flavouring syrup in Donegal
Stash black tea,Dublin,171.13,Description of Stash black tea in Dublin
Torani flavouring syrup,Dublin,942.66,Description of Torani flavouring syrup in Dublin
Creed green Irish tweed men perfume spray,Letterkenny,260.5,Description of Creed green Irish tweed men perfume spray in Letterkenny
Kerry gold Irish butter,Waterford,857.86,Description of Kerry gold Irish butter in Waterford
Creed green Irish tweed men perfume spray,Wexford,498.88,Description of Creed green Irish tweed men perfume spray in Wexford
Creed green Irish tweed men perfume spray,Wexford,786.44,Description of Creed green Irish tweed men perfume spray in Wexford
Creed green Irish tweed men perfume spray,Waterford,945,Description of Creed green Irish tweed men perfume spray in Waterford
Gold Irish seas moss,Wexford,513.85,Description of Gold Irish seas moss in Wexford
Creed green Irish tweed men perfume spray,Wexford,710.6,Description of Creed green Irish tweed men perfume spray in Wexford
Gold Irish seas moss,Kilkenny,369.44,Description of Gold Irish seas moss in Kilkenny
Torani flavouring syrup,Dublin,728.13,Description of Torani flavouring syrup in Dublin
Gold Irish seas moss,Galway,52.22,Description of Gold Irish seas moss in Galway
Stash black tea,Wexford,668.03,Description of Stash black tea in Wexford
Stash black tea,Cork,533.86,Description of Stash black tea in Cork
Creed green Irish tweed men perfume spray,Kerry,824.05,Description of Creed green Irish tweed men perfume spray in Kerry
Kerry gold Irish butter,Wexford,622.47,Description of Kerry gold Irish butter in Wexford
Stash black tea,Donegal,325.85,Description of Stash black tea in Donegal
Torani flavouring syrup,Galway,505.38,Description of Torani flavouring syrup in Galway
Torani flavouring syrup,Galway,752.35,Description of Torani flavouring syrup in Galway
Kerry gold Irish butter,Kilkenny,256.97,Description of Kerry gold Irish butter in Kilkenny
Creed green Irish tweed men perfume spray,Sligo,212.7,Description of Creed green Irish tweed men perfume spray in Sligo
Creed green Irish tweed men perfume spray,Letterkenny,545.86,Description of Creed green Irish tweed men perfume spray in Letterkenny
Creed green Irish tweed men perfume spray,Kilkenny,406.78,Description of Creed green Irish tweed men perfume spray in Kilkenny
Gold Irish seas moss,Wexford,552.92,Description of Gold Irish seas moss in Wexford
Torani flavouring syrup,Waterford,414.39,Description of Torani flavouring syrup in Waterford
Kerry gold Irish butter,Donegal,135.32,Description of Kerry gold Irish butter in Donegal
Gold Irish seas moss,Wexford,709.1,Description of Gold Irish seas moss in Wexford
Gold Irish seas moss,Kerry,148,Description of Gold Irish seas moss in Kerry
Creed green Irish tweed men perfume spray,Waterford,768.33,Description of Creed green Irish tweed men perfume spray in Waterford
Creed green Irish tweed men perfume spray,Kilkenny,215.64,Description of Creed green Irish tweed men perfume spray in Kilkenny
Creed green Irish tweed men perfume spray,Letterkenny,597.78,Description of Creed green Irish tweed men perfume spray in Letterkenny
Kerry gold Irish butter,Galway,810.46,Description of Kerry gold Irish butter in Galway
Creed green Irish tweed men perfume spray,Wexford,488.7,Description of Creed green Irish tweed men perfume spray in Wexford
Torani flavouring syrup,Galway,94.08,Description of Torani flavouring syrup in Galway
Creed green Irish tweed men perfume spray,Dublin,742.15,Description of Creed green Irish tweed men perfume spray in Dublin
Kerry gold Irish butter,Galway,694.43,Description of Kerry gold Irish butter in Galway
Stash black tea,Galway,599.87,Description of Stash black tea in Galway
Kerry gold Irish butter,Cork,862.76,Description of Kerry gold Irish butter in Cork
Torani flavouring syrup,Cork,551.03,Description of Torani flavouring syrup in Cork
Kerry gold Irish butter,Kilkenny,957.98,Description of Kerry gold Irish butter in Kilkenny
Kerry gold Irish butter,Galway,275.06,Description of Kerry gold Irish butter in Galway
Creed green Irish tweed men perfume spray,Wexford,585.61,Description of Creed green Irish tweed men perfume spray in Wexford
Kerry gold Irish butter,Kilkenny,736.5,Description of Kerry gold Irish butter in Kilkenny
Creed green Irish tweed men perfume spray,Limerick,376.89,Description of Creed green Irish tweed men perfume spray in Limerick
Kerry gold Irish butter,Sligo,516.73,Description of Kerry gold Irish butter in Sligo
Stash black tea,Kilkenny,401.15,Description of Stash black tea in Kilkenny
Kerry gold Irish butter,Sligo,919.88,Description of Kerry gold Irish butter in Sligo
Kerry gold Irish butter,Sligo,701.81,Description of Kerry gold Irish butter in Sligo
Gold Irish seas moss,Wexford,132.47,Description of Gold Irish seas moss in Wexford
Stash black tea,Letterkenny,746.41,Description of Stash black tea in Letterkenny
Stash black tea,Donegal,583.89,Description of Stash black tea in Donegal
Gold Irish seas moss,Letterkenny,826.95,Description of Gold Irish seas moss in Letterkenny
Torani flavouring syrup,Kerry,220.55,Description of Torani flavouring syrup in Kerry
Kerry gold Irish butter,Kilkenny,39.05,Description of Kerry gold Irish butter in Kilkenny
Kerry gold Irish butter,Donegal,733.89,Description of Kerry gold Irish butter in Donegal
Creed green Irish tweed men perfume spray,Galway,383.75,Description of Creed green Irish tweed men perfume spray in Galway
Stash black tea,Donegal,603.91,Description of Stash black tea in Donegal
Creed green Irish tweed men perfume spray,Kerry,517.32,Description of Creed green Irish tweed men perfume spray in Kerry
Creed green Irish tweed men perfume spray,Letterkenny,529.59,Description of Creed green Irish tweed men perfume spray in Letterkenny
Kerry gold Irish butter,Waterford,984.32,Description of Kerry gold Irish butter in Waterford
Creed green Irish tweed men perfume spray,Kilkenny,956.31,Description of Creed green Irish tweed men perfume spray in Kilkenny
Kerry gold Irish butter,Dublin,153.06,Description of Kerry gold Irish butter in Dublin
Torani flavouring syrup,Cork,273.49,Description of Torani flavouring syrup in Cork
Creed green Irish tweed men perfume spray,Letterkenny,249.46,Description of Creed green Irish tweed men perfume spray in Letterkenny
Kerry gold Irish butter,Galway,218.11,Description of Kerry gold Irish butter in Galway
Torani flavouring syrup,Kerry,103.14,Description of Torani flavouring syrup in Kerry
Creed green Irish tweed men perfume spray,Wexford,566.45,Description of Creed green Irish tweed men perfume spray in Wexford
Torani flavouring syrup,Waterford,555.7,Description of Torani flavouring syrup in Waterford
Creed green Irish tweed men perfume spray,Kilkenny,974.18,Description of Creed green Irish tweed men perfume spray in Kilkenny
Creed green Irish tweed men perfume spray,Dublin,304.38,Description of Creed green Irish tweed men perfume spray in Dublin
Kerry gold Irish butter,Kilkenny,884.88,Description of Kerry gold Irish butter in Kilkenny
Gold Irish seas moss,Wexford,685.04,Description of Gold Irish seas moss in Wexford
Gold Irish seas moss,Donegal,964.21,Description of Gold Irish seas moss in Donegal
Creed green Irish tweed men perfume spray,Wexford,578.8,Description of Creed green Irish tweed men perfume spray in Wexford
Gold Irish seas moss,Cork,743.28,Description of Gold Irish seas moss in Cork
Torani flavouring syrup,Kilkenny,284.12,Description of Torani flavouring syrup in Kilkenny
Creed green Irish tweed men perfume spray,Kerry,919.52,Description of Creed green Irish tweed men perfume spray in Kerry
Kerry gold Irish butter,Sligo,901.27,Description of Kerry gold Irish butter in Sligo
Gold Irish seas moss,Donegal,978.21,Description of Gold Irish seas moss in Donegal
Creed green Irish tweed men perfume spray,Wexford,839.65,Description of Creed green Irish tweed men perfume spray in Wexford
Kerry gold Irish butter,Limerick,593.39,Description of Kerry gold Irish butter in Limerick
Torani flavouring syrup,Waterford,161.65,Description of Torani flavouring syrup in Waterford
Torani flavouring syrup,Sligo,993.6,Description of Torani flavouring syrup in Sligo
Stash black tea,Waterford,21.11,Description of Stash black tea in Waterford
Kerry gold Irish butter,Donegal,810.42,Description of Kerry gold Irish butter in Donegal
Stash black tea,Dublin,953.12,Description of Stash black tea in Dublin
Stash black tea,Wexford,797.04,Description of Stash black tea in Wexford
Gold Irish seas moss,Letterkenny,173.13,Description of Gold Irish seas moss in Letterkenny
Stash black tea,Kilkenny,394.47,Description of Stash black tea in Kilkenny
Stash black tea,Kilkenny,415.27,Description of Stash black tea in Kilkenny
Stash black tea,Wexford,25.72,Description of Stash black tea in Wexford
Stash black tea,Dublin,68.29,Description of Stash black tea in Dublin
Kerry gold Irish butter,Kilkenny,890.91,Description of Kerry gold Irish butter in Kilkenny
Stash black tea,Kerry,179.28,Description of Stash black tea in Kerry
Kerry gold Irish butter,Donegal,876.57,Description of Kerry gold Irish butter in Donegal
Torani flavouring syrup,Sligo,294.62,Description of Torani flavouring syrup in Sligo
Torani flavouring syrup,Wexford,109.53,Description of Torani flavouring syrup in Wexford
Creed green Irish tweed men perfume spray,Sligo,145.95,Description of Creed green Irish tweed men perfume spray in Sligo
Creed green Irish tweed men perfume spray,Kilkenny,414.78,Description of Creed green Irish tweed men perfume spray in Kilkenny
Stash black tea,Waterford,379.86,Description of Stash black tea in Waterford
Gold Irish seas moss,Kerry,95.66,Description of Gold Irish seas moss in Kerry
Torani flavouring syrup,Kilkenny,93.05,Description of Torani flavouring syrup in Kilkenny
Kerry gold Irish butter,Galway,878.99,Description of Kerry gold Irish butter in Galway
Gold Irish seas moss,Wexford,220.17,Description of Gold Irish seas moss in Wexford
Stash black tea,Sligo,294.06,Description of Stash black tea in Sligo
Kerry gold Irish butter,Letterkenny,452.55,Description of Kerry gold Irish butter in Letterkenny
Kerry gold Irish butter,Letterkenny,525.19,Description of Kerry gold Irish butter in Letterkenny
Kerry gold Irish butter,Wexford,586.73,Description of Kerry gold Irish butter in Wexford
Kerry gold Irish butter,Letterkenny,672.93,Description of Kerry gold Irish butter in Letterkenny
Kerry gold Irish butter,Donegal,373.95,Description of Kerry gold Irish butter in Donegal
Gold Irish seas moss,Limerick,109.29,Description of Gold Irish seas moss in Limerick
Torani flavouring syrup,Cork,449.76,Description of Torani flavouring syrup in Cork
Torani flavouring syrup,Kilkenny,745.73,Description of Torani flavouring syrup in Kilkenny
Gold Irish seas moss,Wexford,231.61,Description of Gold Irish seas moss in Wexford
Creed green Irish tweed men perfume spray,Donegal,904.12,Description of Creed green Irish tweed men perfume spray in Donegal
Stash black tea,Wexford,720.31,Description of Stash black tea in Wexford
Creed green Irish tweed men perfume spray,Waterford,238.74,Description of Creed green Irish tweed men perfume spray in Waterford
Stash black tea,Sligo,106,Description of Stash black tea in Sligo
Stash black tea,Kerry,698.18,Description of Stash black tea in Kerry
Stash black tea,Sligo,651.37,Description of Stash black tea in Sligo
Torani flavouring syrup,Kilkenny,593.23,Description of Torani flavouring syrup in Kilkenny
Kerry gold Irish butter,Donegal,724.05,Description of Kerry gold Irish butter in Donegal
Creed green Irish tweed men perfume spray,Limerick,842.61,Description of Creed green Irish tweed men perfume spray in Limerick
Torani flavouring syrup,Galway,143.59,Description of Torani flavouring syrup in Galway
Stash black tea,Kilkenny,374.65,Description of Stash black tea in Kilkenny
Creed green Irish tweed men perfume spray,Cork,333.84,Description of Creed green Irish tweed men perfume spray in Cork
Torani flavouring syrup,Cork,927.47,Description of Torani flavouring syrup in Cork
Kerry gold Irish butter,Wexford,139.06,Description of Kerry gold Irish butter in Wexford
Kerry gold Irish butter,Sligo,92.23,Description of Kerry gold Irish butter in Sligo
Stash black tea,Wexford,826.2,Description of Stash black tea in Wexford
Creed green Irish tweed men perfume spray,Galway,881.95,Description of Creed green Irish tweed men perfume spray in Galway
Gold Irish seas moss,Donegal,686.85,Description of Gold Irish seas moss in Donegal
Stash black tea,Limerick,905.8,Description of Stash black tea in Limerick
Kerry gold Irish butter,Wexford,145.01,Description of Kerry gold Irish butter in Wexford
Gold Irish seas moss,Kilkenny,427.2,Description of Gold Irish seas moss in Kilkenny
Stash black tea,Letterkenny,428.65,Description of Stash black tea in Letterkenny
Torani flavouring syrup,Waterford,276.04,Description of Torani flavouring syrup in Waterford
Kerry gold Irish butter,Donegal,644.89,Description of Kerry gold Irish butter in Donegal
Gold Irish seas moss,Sligo,183.84,Description of Gold Irish seas moss in Sligo
Stash black tea,Wexford,284.09,Description of Stash black tea in Wexford
Kerry gold Irish butter,Wexford,461.72,Description of Kerry gold Irish butter in Wexford
Stash black tea,Galway,546.92,Description of Stash black tea in Galway
Torani flavouring syrup,Cork,787.78,Description of Torani flavouring syrup in Cork
Torani flavouring syrup,Cork,275.07,Description of Torani flavouring syrup in Cork
Creed green Irish tweed men perfume spray,Cork,990.11,Description of Creed green Irish tweed men perfume spray in Cork
Torani flavouring syrup,Limerick,22.28,Description of Torani flavouring syrup in Limerick
Kerry gold Irish butter,Kilkenny,240.79,Description of Kerry gold Irish butter in Kilkenny
Creed green Irish tweed men perfume spray,Limerick,900.89,Description of Creed green Irish tweed men perfume spray in Limerick
Kerry gold Irish butter,Galway,188.29,Description of Kerry gold Irish butter in Galway
Kerry gold Irish butter,Donegal,212.02,Description of Kerry gold Irish butter in Donegal
Gold Irish seas moss,Kilkenny,270.84,Description of Gold Irish seas moss in Kilkenny
Creed green Irish tweed men perfume spray,Kerry,546.33,Description of Creed green Irish tweed men perfume spray in Kerry
Creed green Irish tweed men perfume spray,Galway,761.69,Description of Creed green Irish tweed men perfume spray in Galway
Kerry gold Irish butter,Donegal,841.03,Description of Kerry gold Irish butter in Donegal
Creed green Irish tweed men perfume spray,Sligo,364.88,Description of Creed green Irish tweed men perfume spray in Sligo
Kerry gold Irish butter,Limerick,371.46,Description of Kerry gold Irish butter in Limerick
Gold Irish seas moss,Dublin,438.03,Description of Gold Irish seas moss in Dublin
Torani flavouring syrup,Limerick,954.34,Description of Torani flavouring syrup in Limerick
Torani flavouring syrup,Sligo,402.04,Description of Torani flavouring syrup in Sligo
Kerry gold Irish butter,Donegal,208.57,Description of Kerry gold Irish butter in Donegal
Stash black tea,Kilkenny,13.85,Description of Stash black tea in Kilkenny
Gold Irish seas moss,Galway,493.8,Description of Gold Irish seas moss in Galway
Creed green Irish tweed men perfume spray,Sligo,78.88,Description of Creed green Irish tweed men perfume spray in Sligo
Creed green Irish tweed men perfume spray,Cork,213.82,Description of Creed green Irish tweed men perfume spray in Cork
Kerry gold Irish butter,Waterford,376.94,Description of Kerry gold Irish butter in Waterford
Stash black tea,Limerick,988.32,Description of Stash black tea in Limerick
Torani flavouring syrup,Dublin,19.14,Description of Torani flavouring syrup in Dublin
Torani flavouring syrup,Galway,288.91,Description of Torani flavouring syrup in Galway
Creed green Irish tweed men perfume spray,Letterkenny,798.88,Description of Creed green Irish tweed men perfume spray in Letterkenny
Kerry gold Irish butter,Kilkenny,620.22,Description of Kerry gold Irish butter in Kilkenny
Creed green Irish tweed men perfume spray,Donegal,534.77,Description of Creed green Irish tweed men perfume spray in Donegal
Stash black tea,Cork,924.73,Description of Stash black tea in Cork
Creed green Irish tweed men perfume spray,Cork,175.6,Description of Creed green Irish tweed men perfume spray in Cork
Gold Irish seas moss,Galway,950.43,Description of Gold Irish seas moss in Galway
Stash black tea,Cork,422.73,Description of Stash black tea in Cork
Torani flavouring syrup,Donegal,335.81,Description of Torani flavouring syrup in Donegal
Creed green Irish tweed men perfume spray,Dublin,738.05,Description of Creed green Irish tweed men perfume spray in Dublin
Kerry gold Irish butter,Donegal,651.67,Description of Kerry gold Irish butter in Donegal
Creed green Irish tweed men perfume spray,Cork,651.18,Description of Creed green Irish tweed men perfume spray in Cork
Creed green Irish tweed men perfume spray,Limerick,254.45,Description of Creed green Irish tweed men perfume spray in Limerick
Torani flavouring syrup,Kerry,676.23,Description of Torani flavouring syrup in Kerry
Gold Irish seas moss,Kilkenny,220.45,Description of Gold Irish seas moss in Kilkenny
Kerry gold Irish butter,Wexford,796.37,Description of Kerry gold Irish butter in Wexford
Stash black tea,Cork,360.18,Description of Stash black tea in Cork
Torani flavouring syrup,Wexford,462.15,Description of Torani flavouring syrup in Wexford
Stash black tea,Sligo,606.46,Description of Stash black tea in Sligo
Stash black tea,Limerick,342.09,Description of Stash black tea in Limerick
Creed green Irish tweed men perfume spray,Dublin,839.67,Description of Creed green Irish tweed men perfume spray in Dublin
Torani flavouring syrup,Limerick,117.06,Description of Torani flavouring syrup in Limerick
Gold Irish seas moss,Dublin,947.04,Description of Gold Irish seas moss in Dublin
Kerry gold Irish butter,Wexford,49.13,Description of Kerry gold Irish butter in Wexford
Kerry gold Irish butter,Limerick,60.12,Description of Kerry gold Irish butter in Limerick
Creed green Irish tweed men perfume spray,Wexford,534.73,Description of Creed green Irish tweed men perfume spray in Wexford
Creed green Irish tweed men perfume spray,Kerry,251.17,Description of Creed green Irish tweed men perfume spray in Kerry
Gold Irish seas moss,Dublin,764.99,Description of Gold Irish seas moss in Dublin
Stash black tea,Waterford,675.56,Description of Stash black tea in Waterford
Kerry gold Irish butter,Cork,900.53,Description of Kerry gold Irish butter in Cork
Gold Irish seas moss,Cork,297.15,Description of Gold Irish seas moss in Cork
Torani flavouring syrup,Letterkenny,351.92,Description of Torani flavouring syrup in Letterkenny
Gold Irish seas moss,Galway,922.8,Description of Gold Irish seas moss in Galway
Kerry gold Irish butter,Waterford,636.04,Description of Kerry gold Irish butter in Waterford
Creed green Irish tweed men perfume spray,Dublin,946.33,Description of Creed green Irish tweed men perfume spray in Dublin
Torani flavouring syrup,Letterkenny,517.29,Description of Torani flavouring syrup in Letterkenny
Gold Irish seas moss,Galway,13.25,Description of Gold Irish seas moss in Galway
Creed green Irish tweed men perfume spray,Galway,727,Description of Creed green Irish tweed men perfume spray in Galway
Gold Irish seas moss,Wexford,811.18,Description of Gold Irish seas moss in Wexford
Gold Irish seas moss,Kerry,220.01,Description of Gold Irish seas moss in Kerry
Kerry gold Irish butter,Kilkenny,367.37,Description of Kerry gold Irish butter in Kilkenny
Gold Irish seas moss,Galway,160.46,Description of Gold Irish seas moss in Galway
Kerry gold Irish butter,Kilkenny,835.59,Description of Kerry gold Irish butter in Kilkenny
Kerry gold Irish butter,Sligo,307,Description of Kerry gold Irish butter in Sligo
Kerry gold Irish butter,Sligo,241.87,Description of Kerry gold Irish butter in Sligo
Creed green Irish tweed men perfume spray,Limerick,858.7,Description of Creed green Irish tweed men perfume spray in Limerick
Torani flavouring syrup,Galway,19.17,Description of Torani flavouring syrup in Galway
Kerry gold Irish butter,Dublin,726.26,Description of Kerry gold Irish butter in Dublin
Gold Irish seas moss,Limerick,11.07,Description of Gold Irish seas moss in Limerick
Kerry gold Irish butter,Letterkenny,257.55,Description of Kerry gold Irish butter in Letterkenny
Stash black tea,Cork,11.61,Description of Stash black tea in Cork
Torani flavouring syrup,Kilkenny,611.31,Description of Torani flavouring syrup in Kilkenny
Creed green Irish tweed men perfume spray,Sligo,36.42,Description of Creed green Irish tweed men perfume spray in Sligo
Gold Irish seas moss,Limerick,696.58,Description of Gold Irish seas moss in Limerick
Gold Irish seas moss,Kerry,883.79,Description of Gold Irish seas moss in Kerry
Torani flavouring syrup,Donegal,345.83,Description of Torani flavouring syrup in Donegal
Gold Irish seas moss,Kerry,154.15,Description of Gold Irish seas moss in Kerry
Gold Irish seas moss,Kilkenny,44.94,Description of Gold Irish seas moss in Kilkenny
Stash black tea,Waterford,865.12,Description of Stash black tea in Waterford
Kerry gold Irish butter,Waterford,891.23,Description of Kerry gold Irish butter in Waterford
Creed green Irish tweed men perfume spray,Wexford,805.28,Description of Creed green Irish tweed men perfume spray in Wexford
Kerry gold Irish butter,Waterford,27.55,Description of Kerry gold Irish butter in Waterford
Torani flavouring syrup,Donegal,15.9,Description of Torani flavouring syrup in Donegal
Gold Irish seas moss,Dublin,575.46,Description of Gold Irish seas moss in Dublin
Stash black tea,Waterford,595.52,Description of Stash black tea in Waterford
Stash black tea,Dublin,91.12,Description of Stash black tea in Dublin
Creed green Irish tweed men perfume spray,Dublin,811.27,Description of Creed green Irish tweed men perfume spray in Dublin
Torani flavouring syrup,Limerick,686.78,Description of Torani flavouring syrup in Limerick
Torani flavouring syrup,Kilkenny,42.66,Description of Torani flavouring syrup in Kilkenny
Creed green Irish tweed men perfume spray,Wexford,733.88,Description of Creed green Irish tweed men perfume spray in Wexford
Creed green Irish tweed men perfume spray,Dublin,399.16,Description of Creed green Irish tweed men perfume spray in Dublin
Kerry gold Irish butter,Donegal,127.64,Description of Kerry gold Irish butter in Donegal
Kerry gold Irish butter,Wexford,54.09,Description of Kerry gold Irish butter in Wexford
Gold Irish seas moss,Cork,273.24,Description of Gold Irish seas moss in Cork
Gold Irish seas moss,Sligo,804.38,Description of Gold Irish seas moss in Sligo
Kerry gold Irish butter,Kilkenny,999.55,Description of Kerry gold Irish butter in Kilkenny
Kerry gold Irish butter,Letterkenny,852.96,Description of Kerry gold Irish butter in Letterkenny
Creed green Irish tweed men perfume spray,Wexford,516.47,Description of Creed green Irish tweed men perfume spray in Wexford
Creed green Irish tweed men perfume spray,Donegal,314.57,Description of Creed green Irish tweed men perfume spray in Donegal
Creed green Irish tweed men perfume spray,Galway,299.29,Description of Creed green Irish tweed men perfume spray in Galway
Gold Irish seas moss,Cork,800.16,Description of Gold Irish seas moss in Cork
Stash black tea,Sligo,669.73,Description of Stash black tea in Sligo
Gold Irish seas moss,Donegal,825.46,Description of Gold Irish seas moss in Donegal
Torani flavouring syrup,Limerick,142.31,Description of Torani flavouring syrup in Limerick
Creed green Irish tweed men perfume spray,Galway,274.85,Description of Creed green Irish tweed men perfume spray in Galway
Gold Irish seas moss,Wexford,719.51,Description of Gold Irish seas moss in Wexford
Creed green Irish tweed men perfume spray,Waterford,47.57,Description of Creed green Irish tweed men perfume spray in Waterford
Gold Irish seas moss,Wexford,387.33,Description of Gold Irish seas moss in Wexford
Gold Irish seas moss,Kilkenny,806.04,Description of Gold Irish seas moss in Kilkenny
Gold Irish seas moss,Letterkenny,390.81,Description of Gold Irish seas moss in Letterkenny
Gold Irish seas moss,Limerick,593.35,Description of Gold Irish seas moss in Limerick
Creed green Irish tweed men perfume spray,Limerick,617.57,Description of Creed green Irish tweed men perfume spray in Limerick
Gold Irish seas moss,Waterford,88.46,Description of Gold Irish seas moss in Waterford
Stash black tea,Wexford,88.45,Description of Stash black tea in Wexford
Gold Irish seas moss,Waterford,696.43,Description of Gold Irish seas moss in Waterford
Kerry gold Irish butter,Donegal,10.6,Description of Kerry gold Irish butter in Donegal
Gold Irish seas moss,Waterford,431.65,Description of Gold Irish seas moss in Waterford
Creed green Irish tweed men perfume spray,Wexford,132.35,Description of Creed green Irish tweed men perfume spray in Wexford
Torani flavouring syrup,Waterford,973.38,Description of Torani flavouring syrup in Waterford
Creed green Irish tweed men perfume spray,Donegal,176.74,Description of Creed green Irish tweed men perfume spray in Donegal
Kerry gold Irish butter,Wexford,423.75,Description of Kerry gold Irish butter in Wexford
Kerry gold Irish butter,Galway,281.92,Description of Kerry gold Irish butter in Galway
Creed green Irish tweed men perfume spray,Dublin,422.87,Description of Creed green Irish tweed men perfume spray in Dublin
Creed green Irish tweed men perfume spray,Cork,840.78,Description of Creed green Irish tweed men perfume spray in Cork
Gold Irish seas moss,Wexford,321.49,Description of Gold Irish seas moss in Wexford
Stash black tea,Wexford,576.71,Description of Stash black tea in Wexford
Kerry gold Irish butter,Sligo,312.59,Description of Kerry gold Irish butter in Sligo
Kerry gold Irish butter,Donegal,883.17,Description of Kerry gold Irish butter in Donegal
Kerry gold Irish butter,Letterkenny,869.41,Description of Kerry gold Irish butter in Letterkenny
Torani flavouring syrup,Wexford,979.08,Description of Torani flavouring syrup in Wexford
Creed green Irish tweed men perfume spray,Galway,661.11,Description of Creed green Irish tweed men perfume spray in Galway
Torani flavouring syrup,Galway,310.6,Description of Torani flavouring syrup in Galway
Torani flavouring syrup,Sligo,273.09,Description of Torani flavouring syrup in Sligo
Gold Irish seas moss,Donegal,519.76,Description of Gold Irish seas moss in Donegal
Creed green Irish tweed men perfume spray,Limerick,290.15,Description of Creed green Irish tweed men perfume spray in Limerick
Creed green Irish tweed men perfume spray,Galway,805.52,Description of Creed green Irish tweed men perfume spray in Galway
Stash black tea,Galway,641.62,Description of Stash black tea in Galway
Kerry gold Irish butter,Dublin,630.14,Description of Kerry gold Irish butter in Dublin
Gold Irish seas moss,Dublin,530.44,Description of Gold Irish seas moss in Dublin
Creed green Irish tweed men perfume spray,Kilkenny,361.35,Description of Creed green Irish tweed men perfume spray in Kilkenny
Torani flavouring syrup,Cork,500.14,Description of Torani flavouring syrup in Cork
Gold Irish seas moss,Donegal,860.08,Description of Gold Irish seas moss in Donegal
Torani flavouring syrup,Wexford,502.32,Description of Torani flavouring syrup in Wexford
Stash black tea,Limerick,455.02,Description of Stash black tea in Limerick
Stash black tea,Wexford,627.11,Description of Stash black tea in Wexford
Gold Irish seas moss,Wexford,906.64,Description of Gold Irish seas moss in Wexford
Kerry gold Irish butter,Wexford,648.74,Description of Kerry gold Irish butter in Wexford
Torani flavouring syrup,Kilkenny,101.72,Description of Torani flavouring syrup in Kilkenny
Stash black tea,Kilkenny,363.36,Description of Stash black tea in Kilkenny
Kerry gold Irish butter,Cork,796.88,Description of Kerry gold Irish butter in Cork
Torani flavouring syrup,Limerick,215.24,Description of Torani flavouring syrup in Limerick
Torani flavouring syrup,Dublin,873.34,Description of Torani flavouring syrup in Dublin
Torani flavouring syrup,Dublin,97,Description of Torani flavouring syrup in Dublin
Kerry gold Irish butter,Cork,453.67,Description of Kerry gold Irish butter in Cork
Creed green Irish tweed men perfume spray,Sligo,12.47,Description of Creed green Irish tweed men perfume spray in Sligo
Stash black tea,Letterkenny,195.57,Description of Stash black tea in Letterkenny
Kerry gold Irish butter,Donegal,294.69,Description of Kerry gold Irish butter in Donegal
Torani flavouring syrup,Donegal,936.65,Description of Torani flavouring syrup in Donegal
Creed green Irish tweed men perfume spray,Limerick,539.62,Description of Creed green Irish tweed men perfume spray in Limerick
Stash black tea,Letterkenny,566.3,Description of Stash black tea in Letterkenny
Torani flavouring syrup,Dublin,261.88,Description of Torani flavouring syrup in Dublin
Torani flavouring syrup,Kerry,824.89,Description of Torani flavouring syrup in Kerry
Torani flavouring syrup,Donegal,35.22,Description of Torani flavouring syrup in Donegal
Stash black tea,Kerry,567.31,Description of Stash black tea in Kerry
Stash black tea,Letterkenny,634.62,Description of Stash black tea in Letterkenny
Creed green Irish tweed men perfume spray,Letterkenny,582.95,Description of Creed green Irish tweed men perfume spray in Letterkenny
Torani flavouring syrup,Kilkenny,129.89,Description of Torani flavouring syrup in Kilkenny
Gold Irish seas moss,Limerick,705.97,Description of Gold Irish seas moss in Limerick
Kerry gold Irish butter,Sligo,683.06,Description of Kerry gold Irish butter in Sligo
Stash black tea,Cork,249.77,Description of Stash black tea in Cork
Torani flavouring syrup,Kilkenny,427.48,Description of Torani flavouring syrup in Kilkenny
Torani flavouring syrup,Galway,536.3,Description of Torani flavouring syrup in Galway
Kerry gold Irish butter,Waterford,983.8,Description of Kerry gold Irish butter in Waterford
Torani flavouring syrup,Galway,128.32,Description of Torani flavouring syrup in Galway
Gold Irish seas moss,Kilkenny,186.07,Description of Gold Irish seas moss in Kilkenny
Gold Irish seas moss,Galway,688.84,Description of Gold Irish seas moss in Galway
Torani flavouring syrup,Cork,286.51,Description of Torani flavouring syrup in Cork
Creed green Irish tweed men perfume spray,Wexford,132.06,Description of Creed green Irish tweed men perfume spray in Wexford
Kerry gold Irish butter,Wexford,836.09,Description of Kerry gold Irish butter in Wexford
Torani flavouring syrup,Wexford,643.34,Description of Torani flavouring syrup in Wexford
Gold Irish seas moss,Limerick,351.91,Description of Gold Irish seas moss in Limerick
Creed green Irish tweed men perfume spray,Kilkenny,362.2,Description of Creed green Irish tweed men perfume spray in Kilkenny
Stash black tea,Sligo,589.56,Description of Stash black tea in Sligo
Creed green Irish tweed men perfume spray,Donegal,763.13,Description of Creed green Irish tweed men perfume spray in Donegal
Kerry gold Irish butter,Letterkenny,104.45,Description of Kerry gold Irish butter in Letterkenny
Torani flavouring syrup,Letterkenny,865.1,Description of Torani flavouring syrup in Letterkenny
Torani flavouring syrup,Kerry,259.74,Description of Torani flavouring syrup in Kerry
Torani flavouring syrup,Galway,947.16,Description of Torani flavouring syrup in Galway
Creed green Irish tweed men perfume spray,Dublin,291.95,Description of Creed green Irish tweed men perfume spray in Dublin
Creed green Irish tweed men perfume spray,Kerry,45.71,Description of Creed green Irish tweed men perfume spray in Kerry
Gold Irish seas moss,Cork,249.95,Description of Gold Irish seas moss in Cork
Kerry gold Irish butter,Dublin,27.17,Description of Kerry gold Irish butter in Dublin
Kerry gold Irish butter,Cork,867.4,Description of Kerry gold Irish butter in Cork
Kerry gold Irish butter,Sligo,317.33,Description of Kerry gold Irish butter in Sligo
Creed green Irish tweed men perfume spray,Dublin,699.99,Description of Creed green Irish tweed men perfume spray in Dublin
Stash black tea,Letterkenny,219.09,Description of Stash black tea in Letterkenny
Gold Irish seas moss,Waterford,64.9,Description of Gold Irish seas moss in Waterford
Stash black tea,Waterford,929.41,Description of Stash black tea in Waterford
Stash black tea,Dublin,485.15,Description of Stash black tea in Dublin
Kerry gold Irish butter,Dublin,648.52,Description of Kerry gold Irish butter in Dublin
Stash black tea,Sligo,86.91,Description of Stash black tea in Sligo
Gold Irish seas moss,Donegal,325.06,Description of Gold Irish seas moss in Donegal
Stash black tea,Cork,31.79,Description of Stash black tea in Cork
Torani flavouring syrup,Kilkenny,474.22,Description of Torani flavouring syrup in Kilkenny
Creed green Irish tweed men perfume spray,Donegal,727.22,Description of Creed green Irish tweed men perfume spray in Donegal
Creed green Irish tweed men perfume spray,Letterkenny,294.11,Description of Creed green Irish tweed men perfume spray in Letterkenny
Stash black tea,Donegal,874.28,Description of Stash black tea in Donegal
Torani flavouring syrup,Cork,94.79,Description of Torani flavouring syrup in Cork
Stash black tea,Wexford,621.1,Description of Stash black tea in Wexford
Stash black tea,Donegal,212.2,Description of Stash black tea in Donegal
Torani flavouring syrup,Sligo,813.33,Description of Torani flavouring syrup in Sligo
Gold Irish seas moss,Waterford,73.31,Description of Gold Irish seas moss in Waterford
Creed green Irish tweed men perfume spray,Sligo,340.5,Description of Creed green Irish tweed men perfume spray in Sligo
Creed green Irish tweed men perfume spray,Limerick,939.61,Description of Creed green Irish tweed men perfume spray in Limerick
Gold Irish seas moss,Wexford,983.56,Description of Gold Irish seas moss in Wexford
Stash black tea,Kerry,147.4,Description of Stash black tea in Kerry
Gold Irish seas moss,Kerry,552.26,Description of Gold Irish seas moss in Kerry
Torani flavouring syrup,Kerry,764.13,Description of Torani flavouring syrup in Kerry
Gold Irish seas moss,Letterkenny,28.26,Description of Gold Irish seas moss in Letterkenny
Kerry gold Irish butter,Wexford,825.62,Description of Kerry gold Irish butter in Wexford
Kerry gold Irish butter,Kerry,255.24,Description of Kerry gold Irish butter in Kerry
Torani flavouring syrup,Dublin,287.81,Description of Torani flavouring syrup in Dublin
Gold Irish seas moss,Cork,894.2,Description of Gold Irish seas moss in Cork
Gold Irish seas moss,Donegal,550.11,Description of Gold Irish seas moss in Donegal
Torani flavouring syrup,Wexford,473.64,Description of Torani flavouring syrup in Wexford
Kerry gold Irish butter,Limerick,366.77,Description of Kerry gold Irish butter in Limerick
Gold Irish seas moss,Kilkenny,59.26,Description of Gold Irish seas moss in Kilkenny
Stash black tea,Cork,26.28,Description of Stash black tea in Cork
Gold Irish seas moss,Dublin,666.49,Description of Gold Irish seas moss in Dublin
Stash black tea,Limerick,455.88,Description of Stash black tea in Limerick
Stash black tea,Kerry,389.96,Description of Stash black tea in Kerry
Stash black tea,Kilkenny,236.33,Description of Stash black tea in Kilkenny
Kerry gold Irish butter,Letterkenny,764.68,Description of Kerry gold Irish butter in Letterkenny
Gold Irish seas moss,Donegal,584.92,Description of Gold Irish seas moss in Donegal
Stash black tea,Limerick,521.12,Description of Stash black tea in Limerick
Creed green Irish tweed men perfume spray,Sligo,923.61,Description of Creed green Irish tweed men perfume spray in Sligo
Kerry gold Irish butter,Galway,156.12,Description of Kerry gold Irish butter in Galway
Creed green Irish tweed men perfume spray,Kerry,193.5,Description of Creed green Irish tweed men perfume spray in Kerry
Kerry gold Irish butter,Kerry,121.44,Description of Kerry gold Irish butter in Kerry
Torani flavouring syrup,Wexford,274.86,Description of Torani flavouring syrup in Wexford
Creed green Irish tweed men perfume spray,Waterford,109.89,Description of Creed green Irish tweed men perfume spray in Waterford
Gold Irish seas moss,Cork,248.64,Description of Gold Irish seas moss in Cork
Kerry gold Irish butter,Limerick,676.35,Description of Kerry gold Irish butter in Limerick
Torani flavouring syrup,Wexford,816.35,Description of Torani flavouring syrup in Wexford
Torani flavouring syrup,Cork,406.43,Description of Torani flavouring syrup in Cork
Kerry gold Irish butter,Limerick,926.88,Description of Kerry gold Irish butter in Limerick
Creed green Irish tweed men perfume spray,Limerick,801.73,Description of Creed green Irish tweed men perfume spray in Limerick
Torani flavouring syrup,Letterkenny,173.85,Description of Torani flavouring syrup in Letterkenny
Kerry gold Irish butter,Dublin,588.13,Description of Kerry gold Irish butter in Dublin
Kerry gold Irish butter,Limerick,466.42,Description of Kerry gold Irish butter in Limerick
Torani flavouring syrup,Wexford,747.17,Description of Torani flavouring syrup in Wexford
Gold Irish seas moss,Dublin,657.85,Description of Gold Irish seas moss in Dublin
Gold Irish seas moss,Kilkenny,933.97,Description of Gold Irish seas moss in Kilkenny
Torani flavouring syrup,Sligo,484.14,Description of Torani flavouring syrup in Sligo
Torani flavouring syrup,Dublin,341.84,Description of Torani flavouring syrup in Dublin
Stash black tea,Waterford,671.56,Description of Stash black tea in Waterford
Stash black tea,Wexford,215.82,Description of Stash black tea in Wexford
Torani flavouring syrup,Letterkenny,930.63,Description of Torani flavouring syrup in Letterkenny
Creed green Irish tweed men perfume spray,Galway,371.57,Description of Creed green Irish tweed men perfume spray in Galway
Stash black tea,Waterford,73.08,Description of Stash black tea in Waterford
Stash black tea,Cork,649.36,Description of Stash black tea in Cork
Creed green Irish tweed men perfume spray,Sligo,913.38,Description of Creed green Irish tweed men perfume spray in Sligo
Gold Irish seas moss,Wexford,848.35,Description of Gold Irish seas moss in Wexford
Creed green Irish tweed men perfume spray,Wexford,429,Description of Creed green Irish tweed men perfume spray in Wexford
Torani flavouring syrup,Kilkenny,433.54,Description of Torani flavouring syrup in Kilkenny
Stash black tea,Kerry,300.79,Description of Stash black tea in Kerry
Gold Irish seas moss,Cork,852.99,Description of Gold Irish seas moss in Cork
Creed green Irish tweed men perfume spray,Letterkenny,12.79,Description of Creed green Irish tweed men perfume spray in Letterkenny
Stash black tea,Limerick,297.96,Description of Stash black tea in Limerick
Creed green Irish tweed men perfume spray,Dublin,418.26,Description of Creed green Irish tweed men perfume spray in Dublin
Torani flavouring syrup,Donegal,843.15,Description of Torani flavouring syrup in Donegal
Creed green Irish tweed men perfume spray,Cork,77.21,Description of Creed green Irish tweed men perfume spray in Cork
Torani flavouring syrup,Dublin,168.62,Description of Torani flavouring syrup in Dublin
Creed green Irish tweed men perfume spray,Galway,218.62,Description of Creed green Irish tweed men perfume spray in Galway
Torani flavouring syrup,Wexford,427.25,Description of Torani flavouring syrup in Wexford
Kerry gold Irish butter,Donegal,806.03,Description of Kerry gold Irish butter in Donegal
Creed green Irish tweed men perfume spray,Waterford,786.67,Description of Creed green Irish tweed men perfume spray in Waterford
Torani flavouring syrup,Dublin,193.02,Description of Torani flavouring syrup in Dublin
Stash black tea,Donegal,207.66,Description of Stash black tea in Donegal
Creed green Irish tweed men perfume spray,Limerick,863.86,Description of Creed green Irish tweed men perfume spray in Limerick
Creed green Irish tweed men perfume spray,Galway,143.52,Description of Creed green Irish tweed men perfume spray in Galway
Stash black tea,Letterkenny,43.03,Description of Stash black tea in Letterkenny
Creed green Irish tweed men perfume spray,Donegal,156.13,Description of Creed green Irish tweed men perfume spray in Donegal
Torani flavouring syrup,Galway,956.98,Description of Torani flavouring syrup in Galway
Creed green Irish tweed men perfume spray,Sligo,22.99,Description of Creed green Irish tweed men perfume spray in Sligo
Torani flavouring syrup,Letterkenny,855.26,Description of Torani flavouring syrup in Letterkenny
Stash black tea,Wexford,166.33,Description of Stash black tea in Wexford
Kerry gold Irish butter,Galway,767.97,Description of Kerry gold Irish butter in Galway
Creed green Irish tweed men perfume spray,Letterkenny,381.05,Description of Creed green Irish tweed men perfume spray in Letterkenny
Torani flavouring syrup,Kilkenny,882.87,Description of Torani flavouring syrup in Kilkenny
Torani flavouring syrup,Kerry,340.62,Description of Torani flavouring syrup in Kerry
Gold Irish seas moss,Dublin,81.13,Description of Gold Irish seas moss in Dublin
Gold Irish seas moss,Cork,54.64,Description of Gold Irish seas moss in Cork
Gold Irish seas moss,Galway,457.74,Description of Gold Irish seas moss in Galway
Gold Irish seas moss,Limerick,336.01,Description of Gold Irish seas moss in Limerick
Gold Irish seas moss,Waterford,460.3,Description of Gold Irish seas moss in Waterford
Gold Irish seas moss,Wexford,297.9,Description of Gold Irish seas moss in Wexford
Gold Irish seas moss,Kilkenny,884.56,Description of Gold Irish seas moss in Kilkenny
Gold Irish seas moss,Sligo,927.51,Description of Gold Irish seas moss in Sligo
Gold Irish seas moss,Donegal,731.49,Description of Gold Irish seas moss in Donegal
Gold Irish seas moss,Kerry,593.4,Description of Gold Irish seas moss in Kerry
Gold Irish seas moss,Letterkenny,78.76,Description of Gold Irish seas moss in Letterkenny
Gold Irish seas moss,Wexford,662.29,Description of Gold Irish seas moss in Wexford
Creed green Irish tweed men perfume spray,Dublin,418.16,Description of Creed green Irish tweed men perfume spray in Dublin
Creed green Irish tweed men perfume spray,Cork,860.91,Description of Creed green Irish tweed men perfume spray in Cork
Creed green Irish tweed men perfume spray,Galway,820.62,Description of Creed green Irish tweed men perfume spray in Galway
Creed green Irish tweed men perfume spray,Limerick,429.23,Description of Creed green Irish tweed men perfume spray in Limerick
Creed green Irish tweed men perfume spray,Waterford,378.11,Description of Creed green Irish tweed men perfume spray in Waterford
Creed green Irish tweed men perfume spray,Wexford,66.85,Description of Creed green Irish tweed men perfume spray in Wexford
Creed green Irish tweed men perfume spray,Kilkenny,108.48,Description of Creed green Irish tweed men perfume spray in Kilkenny
Creed green Irish tweed men perfume spray,Sligo,191.84,Description of Creed green Irish tweed men perfume spray in Sligo
Creed green Irish tweed men perfume spray,Donegal,904.94,Description of Creed green Irish tweed men perfume spray in Donegal
Creed green Irish tweed men perfume spray,Kerry,549.83,Description of Creed green Irish tweed men perfume spray in Kerry
Creed green Irish tweed men perfume spray,Letterkenny,325.79,Description of Creed green Irish tweed men perfume spray in Letterkenny
Creed green Irish tweed men perfume spray,Wexford,813.7,Description of Creed green Irish tweed men perfume spray in Wexford
Stash black tea,Dublin,421.59,Description of Stash black tea in Dublin
Stash black tea,Cork,723.04,Description of Stash black tea in Cork
Stash black tea,Galway,196.29,Description of Stash black tea in Galway
Stash black tea,Limerick,19.11,Description of Stash black tea in Limerick
Stash black tea,Waterford,490.36,Description of Stash black tea in Waterford
Stash black tea,Wexford,204.45,Description of Stash black tea in Wexford
Stash black tea,Kilkenny,829.78,Description of Stash black tea in Kilkenny
Stash black tea,Sligo,730.57,Description of Stash black tea in Sligo
Stash black tea,Donegal,735.29,Description of Stash black tea in Donegal
Stash black tea,Kerry,239.52,Description of Stash black tea in Kerry
Stash black tea,Letterkenny,849.08,Description of Stash black tea in Letterkenny
Stash black tea,Wexford,752.18,Description of Stash black tea in Wexford
Torani flavouring syrup,Dublin,76.16,Description of Torani flavouring syrup in Dublin
Torani flavouring syrup,Cork,105.57,Description of Torani flavouring syrup in Cork
Torani flavouring syrup,Galway,188.65,Description of Torani flavouring syrup in Galway
Torani flavouring syrup,Limerick,100.01,Description of Torani flavouring syrup in Limerick
Torani flavouring syrup,Waterford,651.28,Description of Torani flavouring syrup in Waterford
Torani flavouring syrup,Wexford,569.61,Description of Torani flavouring syrup in Wexford
Torani flavouring syrup,Kilkenny,255.04,Description of Torani flavouring syrup in Kilkenny
Torani flavouring syrup,Donegal,375.12,Description of Torani flavouring syrup in Donegal
Torani flavouring syrup,Kerry,28.71,Description of Torani flavouring syrup in Kerry
Torani flavouring syrup,Letterkenny,108.64,Description of Torani flavouring syrup in Letterkenny
Torani flavouring syrup,Wexford,149.23,Description of Torani flavouring syrup in Wexford
Kerry gold Irish butter,Dublin,999.52,Description of Kerry gold Irish butter in Dublin
Kerry gold Irish butter,Galway,144.08,Description of Kerry gold Irish butter in Galway
Kerry gold Irish butter,Limerick,677.92,Description of Kerry gold Irish butter in Limerick
Kerry gold Irish butter,Wexford,270.45,Description of Kerry gold Irish butter in Wexford
Kerry gold Irish butter,Sligo,607.16,Description of Kerry gold Irish butter in Sligo
